Rank,Player,Return Rating,% 1st Serve Return Points Won,% 2nd Serve Return Points Won,% Return Games Won,% Break Points Converted
1,Guillermo Coria,171.5,36.10%,54.40%,35.30%,45.70%
2,Guillermo Perez-Roldan,168.1,35.80%,53.20%,32.50%,46.60%
3,Rafael Nadal,167.8,34.20%,55.30%,33.40%,44.90%
4,Alberto Berasategui,166.6,33.60%,56.30%,32.40%,44.30%
5,Franco Davin,166.3,34.80%,53.20%,32.80%,45.50%
6,Bart Wuyts,165,34.40%,54.30%,32.80%,43.50%
7,Novak Djokovic,164.5,33.60%,55.10%,31.70%,44.10%
8,Jordi Arrese,163.4,33.80%,54.20%,31.60%,43.80%
9,Thomas Muster,163.4,32.00%,55.20%,31.60%,44.60%
10,Michael Chang,163.1,32.30%,55.20%,31.60%,44.00%
11,David Ferrer,163,33.50%,54.50%,31.40%,43.60%
12,Sergi Bruguera,162.7,32.50%,53.80%,31.40%,45.00%
13,Andre Agassi,162.4,31.50%,55.80%,31.70%,43.40%
14,Diego Schwartzman,162.1,33.20%,54.50%,31.00%,43.40%
15,Carlos Costa,161.8,32.20%,54.90%,31.10%,43.60%
16,Horacio de la Pena,161.6,33.70%,52.60%,30.20%,45.10%
17,Goran Prpic,161.3,33.70%,53.10%,30.90%,43.60%
18,Slava Dosedel,161.2,33.70%,53.90%,30.70%,42.90%
19,Gilbert Schaller,161.2,33.00%,53.90%,31.30%,43.00%
20,Eduardo Masso,161.1,33.60%,53.00%,29.30%,45.20%
21,David Nalbandian,161.1,32.20%,54.60%,30.10%,44.20%
22,Carlos Alcaraz,161,34.40%,53.70%,31.10%,41.80%
23,Andrei Chesnokov,160.8,32.90%,52.70%,30.90%,44.30%
24,Tomas Carbonell,160.4,33.60%,52.70%,30.10%,44.00%
25,Nikolay Davydenko,160.1,33.20%,53.30%,29.90%,43.70%
26,Filippo Volandri,160.1,33.30%,52.10%,30.50%,44.20%
27,Stefan Edberg,160,33.10%,53.40%,30.30%,43.20%
28,Andy Murray,160,32.60%,54.60%,30.10%,42.70%
29,Magnus Gustafsson,159.8,34.30%,52.00%,30.30%,43.20%
30,Veli Paloheimo,159.4,36.20%,52.50%,30.90%,39.80%
31,Lleyton Hewitt,158.7,32.10%,53.60%,29.90%,43.10%
32,Francisco Roig,158.6,35.60%,51.70%,30.90%,40.40%
33,Felix Mantilla,158.4,31.00%,53.60%,29.30%,44.50%
34,Marc Lopez,157.6,33.70%,51.10%,26.80%,46.00%
35,Karol Kucera,157.5,33.20%,51.90%,29.20%,43.20%
36,Juan Monaco,157.5,32.70%,52.50%,29.50%,42.80%
37,Jaime Oncins,157.4,33.70%,53.30%,29.40%,41.00%
38,Gaston Gaudio,157.3,32.60%,53.00%,29.80%,41.90%
39,Francisco Clavet,157.1,31.60%,53.50%,29.20%,42.80%
40,Marian Vajda,157.1,33.80%,51.80%,28.50%,43.00%
41,Christian Bergstrom,157,32.30%,52.20%,28.60%,43.90%
42,Frederic Fontang,157,34.00%,51.70%,30.30%,41.00%
43,Jannik Sinner,156.9,32.10%,54.20%,27.90%,42.70%
44,Mariano Navone,156.7,33.70%,51.80%,28.60%,42.60%
45,Jimmy Connors,156.5,32.20%,53.00%,29.40%,41.90%
46,Antonio Veic,156.4,32.90%,48.70%,26.90%,47.90%
47,Juan Ignacio Chela,156.1,33.40%,51.40%,28.40%,42.90%
48,Flavio Saretta,155.8,33.70%,50.90%,28.20%,43.00%
49,Marcelo Rios,155.6,31.30%,53.40%,28.70%,42.20%
50,Grant Stafford,155.3,31.40%,54.20%,27.60%,42.10%
51,Marcos Ondruska,155.2,32.20%,51.30%,27.20%,44.50%
52,Alex Corretja,155.1,32.30%,52.30%,28.60%,41.90%
53,Jonas Svensson,154.9,32.20%,51.60%,27.70%,43.40%
54,Ivan Lendl,154.8,31.30%,52.80%,28.30%,42.40%
55,Petr Korda,154.7,31.90%,53.00%,28.50%,41.30%
56,Alex de Minaur,154.6,31.80%,52.60%,27.30%,42.90%
57,Andrei Medvedev,154.6,32.30%,52.20%,27.80%,42.30%
58,Jiri Novak,154.6,31.30%,52.50%,27.80%,43.00%
59,Jaime Yzaga,154.6,31.80%,52.00%,27.90%,42.90%
60,Aaron Krickstein,154.5,30.50%,53.60%,28.40%,42.00%
61,David Sanchez,154.5,32.50%,51.70%,28.00%,42.30%
62,Daniil Medvedev,154,31.30%,53.50%,27.00%,42.20%
63,Guillermo Canas,153.4,33.00%,50.80%,27.70%,41.90%
64,Andrej Martin,153.2,34.50%,49.30%,27.90%,41.50%
65,Diego Perez,153.1,31.80%,55.10%,28.10%,38.10%
66,Yevgeny Kafelnikov,153,30.10%,52.70%,27.60%,42.60%
67,Brad Gilbert,152.9,32.70%,50.30%,26.60%,43.30%
68,Francisco Cerundolo,152.8,32.90%,51.20%,27.10%,41.60%
69,Hernan Gumy,152.8,30.80%,52.40%,26.80%,42.80%
70,Christian Ruud,152.8,31.10%,52.80%,27.80%,41.10%
71,Gilles Simon,152.7,31.20%,52.50%,26.60%,42.40%
72,Olivier Mutis,152.5,31.90%,49.20%,25.90%,45.50%
73,Juan Antonio Marin,152.4,31.20%,51.40%,26.40%,43.40%
74,Federico Coria,152.3,32.10%,51.40%,26.40%,42.40%
75,Paul Goldstein,152.3,30.50%,52.30%,26.80%,42.70%
76,Robin Vik,152.3,30.40%,52.00%,25.30%,44.60%
77,Arnaud Di Pasquale,152.2,31.70%,50.50%,26.70%,43.30%
78,Marcello Craca,152,30.30%,51.60%,27.20%,42.90%
79,Franco Squillari,152,32.10%,52.00%,27.30%,40.60%
80,Patrick McEnroe,151.9,28.50%,55.30%,26.60%,41.50%
81,Carsten Arriens,151.7,31.70%,49.80%,26.60%,43.60%
82,Jimmy Arias,151.6,31.10%,51.90%,26.70%,41.90%
83,Roberto Carretero,151.6,29.60%,52.30%,25.20%,44.50%
84,Renzo Furlan,151.6,31.70%,51.10%,26.80%,42.00%
85,Gabriel Markus,151.6,30.80%,52.10%,25.50%,43.20%
86,Dimitri Poliakov,151.6,33.50%,50.90%,27.80%,39.40%
87,Radomir Vasek,151.6,30.30%,51.80%,27.00%,42.50%
88,John McEnroe,151.5,31.80%,50.80%,26.90%,42.00%
89,Fernando Meligeni,151.5,31.30%,51.10%,26.60%,42.50%
90,Horst Skoff,151.5,32.20%,51.00%,26.90%,41.40%
91,Sebastian Baez,151.4,32.80%,51.10%,27.00%,40.50%
92,Fabio Fognini,151.4,31.40%,50.60%,26.60%,42.80%
93,Oliver Gross,151.4,31.20%,50.80%,26.70%,42.70%
94,Thierry Champion,151.3,31.60%,51.10%,26.40%,42.20%
95,Mikael Ymer,151.3,32.20%,50.90%,26.80%,41.40%
96,Andrei Cherkasov,151.2,29.10%,54.10%,26.30%,41.70%
97,Ramesh Krishnan,151.2,31.40%,53.30%,27.60%,38.90%
98,Bernabe Zapata Miralles,151.2,31.60%,50.20%,25.80%,43.60%
99,Jim Courier,151.1,29.80%,52.60%,26.20%,42.50%
100,Roger Federer,151.1,32.50%,50.90%,26.60%,41.10%
101,Jan Gunnarsson,151.1,32.00%,49.20%,25.90%,44.00%
102,Hyeon Chung,151,30.10%,52.40%,26.00%,42.50%
103,Alejandro Davidovich Fokina,151,31.20%,51.70%,26.20%,41.90%
104,Sebastien Grosjean,151,31.20%,51.70%,26.70%,41.40%
105,David Goffin,151,31.10%,52.20%,27.00%,40.70%
106,Fabrice Santoro,151,31.60%,51.60%,26.60%,41.20%
107,Andrea Gaudenzi,150.9,31.30%,51.90%,27.10%,40.60%
108,Michal Tabara,150.9,30.30%,52.30%,26.60%,41.70%
109,Jonas Bjorkman,150.8,30.40%,53.60%,26.50%,40.30%
110,Lucas Arnold Ker,150.7,29.20%,51.70%,25.70%,44.10%
111,Kei Nishikori,150.7,30.40%,53.00%,26.70%,40.60%
112,Todd Woodbridge,150.7,30.10%,52.90%,26.00%,41.70%
113,Byron Black,150.6,28.00%,55.00%,26.10%,41.50%
114,Damir Dzumhur,150.6,31.90%,50.00%,25.90%,42.80%
115,Markus Hipfl,150.6,30.90%,51.30%,26.70%,41.70%
116,Albert Costa,150.5,31.10%,51.70%,26.70%,41.00%
117,Claudio Pistolesi,150.5,33.10%,50.00%,25.60%,41.80%
118,Bohdan Ulihrach,150.2,29.70%,52.50%,26.50%,41.50%
119,Gilad Bloom,150.1,31.50%,49.40%,26.40%,42.80%
120,Christian Miniussi,150.1,32.90%,50.70%,27.00%,39.50%
121,Juan Carlos Ferrero,150,30.80%,52.50%,26.60%,40.10%
122,Daniel Orsanic,150,31.80%,47.10%,24.10%,47.00%
123,Jenson Brooksby,149.8,31.30%,50.70%,26.00%,41.80%
124,David Engel,149.8,30.50%,50.60%,23.90%,44.80%
125,Rainer Schuettler,149.8,31.00%,50.80%,25.70%,42.30%
126,Alexander Volkov,149.8,29.30%,51.90%,25.60%,43.00%
127,Fernando Vicente,149.8,31.70%,51.10%,25.80%,41.20%
128,Dominik Hrbaty,149.7,29.80%,52.30%,26.00%,41.60%
129,MaliVai Washington,149.7,30.50%,51.10%,25.70%,42.40%
130,Roberto Bautista Agut,149.6,29.90%,53.10%,25.50%,41.10%
131,Marcelo Filippini,149.6,32.50%,51.20%,26.50%,39.40%
132,Lars Jonsson,149.6,30.20%,51.50%,26.00%,41.90%
133,Oscar Martinez,149.6,33.20%,50.60%,27.00%,38.80%
134,Alberto Martin,149.6,31.40%,50.80%,25.60%,41.80%
135,David Nainkin,149.5,27.90%,52.40%,25.40%,43.80%
136,Thomas Enqvist,149.4,28.70%,53.40%,26.30%,41.00%
137,Richey Reneberg,149.4,29.60%,52.80%,26.00%,41.00%
138,Vincent Spadea,149.4,29.80%,52.30%,25.20%,42.10%
139,Anders Jarryd,149.3,30.70%,50.50%,26.00%,42.10%
140,Mikael Pernfors,149.2,30.30%,50.80%,26.20%,41.90%
141,Juan Martin del Potro,149.1,30.00%,51.70%,25.60%,41.80%
142,Nicolas Kiefer,149.1,30.10%,51.10%,25.40%,42.50%
143,Jason Stoltenberg,149.1,31.30%,50.70%,25.80%,41.30%
144,Mats Wilander,149.1,29.50%,51.80%,25.30%,42.50%
145,Tommy Robredo,148.9,31.10%,51.10%,25.40%,41.30%
146,Michel Kratochvil,148.6,30.90%,51.00%,25.20%,41.50%
147,Jordi Burillo,148.5,30.60%,50.30%,25.00%,42.60%
148,Arnaud Boetsch,148.4,30.10%,51.90%,25.70%,40.70%
149,Tim Henman,148.4,31.70%,50.10%,25.80%,40.80%
150,Mark Knowles,148.4,28.40%,52.20%,24.20%,43.60%
151,Flavio Cipolla,148.1,31.60%,50.20%,25.60%,40.70%
152,Jack Draper,148,29.70%,51.70%,24.80%,41.80%
153,James Blake,147.9,30.40%,50.90%,24.90%,41.70%
154,Mikhail Youzhny,147.9,30.10%,51.20%,25.30%,41.30%
155,Mauricio Hadad,147.8,31.50%,50.50%,26.40%,39.40%
156,Nicolas Kicker,147.8,30.10%,49.70%,23.10%,44.90%
157,Carlos Moya,147.8,31.40%,50.70%,25.30%,40.40%
158,Pablo Andujar,147.7,30.60%,51.90%,25.20%,40.00%
159,Jean-Rene Lisnard,147.7,31.80%,51.20%,25.10%,39.60%
160,Andres Gomez,147.6,33.00%,47.90%,25.10%,41.60%
161,Kris Goossens,147.6,31.80%,48.10%,24.00%,43.70%
162,Jarkko Nieminen,147.6,29.70%,51.60%,24.70%,41.60%
163,Martin Jaite,147.5,33.00%,48.50%,25.30%,40.70%
164,Markus Naewie,147.5,30.50%,49.40%,24.20%,43.40%
165,Magnus Norman,147.5,29.60%,51.30%,25.50%,41.10%
166,Sjeng Schalken,147.5,29.70%,51.40%,25.10%,41.30%
167,Carlos Berlocq,147.4,31.00%,50.30%,25.20%,40.90%
168,Robin Soderling,147.4,29.50%,51.00%,24.10%,42.80%
169,Nicolas Escude,147.3,30.90%,50.50%,25.00%,40.90%
170,Tommy Paul,147.3,30.80%,51.20%,24.90%,40.40%
171,Javier Sanchez,147.3,31.70%,50.00%,25.20%,40.40%
172,Amos Mansdorf,147,29.30%,51.40%,25.00%,41.30%
173,Nicolas Massu,146.9,30.60%,49.90%,24.60%,41.80%
174,Olivier Rochus,146.9,28.50%,52.70%,24.20%,41.50%
175,Jeff Tarango,146.9,29.20%,51.50%,25.00%,41.20%
176,Carlos Taberner,146.9,29.30%,50.30%,23.90%,43.40%
177,Santiago Ventura,146.9,30.90%,48.40%,23.90%,43.70%
178,Wayne Black,146.8,27.50%,53.10%,24.40%,41.80%
179,Tomas Berdych,146.8,29.20%,52.00%,24.00%,41.60%
180,Todd Witsken,146.8,30.00%,50.80%,24.30%,41.70%
181,Alexander Zverev,146.8,30.40%,51.20%,24.50%,40.70%
182,Albert Portas,146.5,29.20%,51.50%,25.00%,40.80%
183,Alex Lopez Moron,146.4,31.90%,49.30%,25.30%,39.90%
184,Vit Kopriva,146.3,28.90%,52.10%,24.30%,41.00%
185,Cameron Norrie,146.3,29.80%,51.00%,24.00%,41.50%
186,Brett Steven,146.3,30.00%,51.50%,24.20%,40.60%
187,Yuki Bhambri,146.2,30.00%,49.30%,24.60%,42.30%
188,Gael Monfils,146.2,31.60%,49.00%,24.70%,40.90%
189,Kevin Ullyett,146.2,30.30%,49.20%,23.90%,42.80%
190,Alejandro Hernandez,146.1,31.30%,47.50%,23.60%,43.70%
191,Pablo Carreno Busta,146,28.80%,51.70%,24.20%,41.30%
192,Julian Alonso,145.9,30.10%,49.50%,24.80%,41.50%
193,Marton Fucsovics,145.9,30.90%,50.70%,24.20%,40.10%
194,Lorenzo Musetti,145.9,30.20%,51.40%,24.00%,40.30%
195,Lars-Anders Wahlgren,145.9,29.00%,51.20%,24.00%,41.70%
196,Steve Bryan,145.8,27.30%,54.90%,25.50%,38.10%
197,Michael Joyce,145.8,27.00%,53.00%,23.70%,42.10%
198,Vincenzo Santopadre,145.8,28.60%,49.10%,23.10%,45.00%
199,Agustin Calleri,145.7,30.80%,50.60%,24.20%,40.10%
200,Claudio Mezzadri,145.7,30.70%,50.80%,24.00%,40.20%
201,Xavier Malisse,145.7,30.50%,49.90%,24.10%,41.20%
202,Wayne Ferreira,145.6,30.20%,50.70%,24.40%,40.30%
203,Alberto Mancini,145.6,29.80%,50.70%,23.30%,41.80%
204,Carl-Uwe Steeb,145.6,30.10%,49.70%,23.60%,42.20%
205,Mark Koevermans,145.5,33.20%,47.60%,24.70%,40.00%
206,Tomas Machac,145.5,28.30%,51.40%,23.20%,42.60%
207,Ronald Agenor,145.4,29.70%,50.80%,24.50%,40.40%
208,Alex Molcan,145.4,30.20%,50.80%,23.80%,40.60%
209,Camilo Ugo Carabelli,145.4,30.80%,49.30%,22.10%,43.20%
210,Hicham Arazi,145.3,29.20%,51.50%,24.30%,40.30%
211,Stefan Koubek,145.3,30.40%,49.80%,24.00%,41.10%
212,Karel Novacek,145.3,30.30%,50.80%,24.40%,39.80%
213,Jaume Munar,145.2,32.20%,50.50%,24.60%,37.90%
214,Eyal Ran,145.2,28.70%,52.10%,23.70%,40.70%
215,Andre Sa,145.2,29.70%,51.10%,24.30%,40.10%
216,Mikael Tillstrom,145.2,28.50%,52.00%,24.40%,40.30%
217,Mark Woodforde,145.2,29.90%,51.40%,24.50%,39.40%
218,Nicolas Coutelot,145.1,33.20%,47.80%,23.20%,40.90%
219,Gustavo Kuerten,145.1,29.40%,50.60%,24.30%,40.80%
220,Dudi Sela,145.1,30.00%,50.80%,23.90%,40.40%
221,Roberto Carballes Baena,145,29.40%,50.80%,23.20%,41.60%
222,Richard Gasquet,145,30.00%,50.50%,24.00%,40.50%
223,Tobias Kamke,144.9,29.10%,51.90%,24.20%,39.70%
224,Andrei Pavel,144.9,29.30%,50.80%,24.00%,40.80%
225,Andrey Rublev,144.9,29.50%,52.50%,23.70%,39.20%
226,Filip Dewulf,144.8,28.20%,50.50%,23.10%,43.00%
227,Paul Haarhuis,144.8,29.20%,50.20%,23.40%,42.00%
228,Fernando Verdasco,144.8,30.50%,50.50%,23.70%,40.10%
229,Mariano Zabaleta,144.8,31.80%,49.30%,24.70%,39.00%
230,Luis Herrera,144.7,31.30%,50.30%,25.10%,38.00%
231,Blaz Kavcic,144.7,29.90%,49.80%,23.10%,41.90%
232,Juan Pablo Varillas,144.6,28.90%,51.50%,22.30%,41.90%
233,Pablo Arraya,144.5,31.50%,47.10%,23.80%,42.10%
234,Francisco Montana,144.5,29.40%,51.00%,23.90%,40.20%
235,Ruben Ramirez Hidalgo,144.5,29.20%,49.20%,22.90%,43.20%
236,Pedro Martinez,144.4,29.90%,51.60%,23.70%,39.20%
237,Dinu Pescariu,144.4,29.40%,50.00%,23.40%,41.60%
238,Emilio Sanchez,144.4,31.80%,48.50%,24.00%,40.10%
239,Pete Sampras,144.4,28.90%,50.90%,24.00%,40.60%
240,Facundo Diaz Acosta,144.1,31.10%,50.00%,23.70%,39.30%
241,Christophe Rochus,144.1,28.70%,51.80%,24.30%,39.30%
242,Bernd Karbacher,144,29.90%,50.70%,23.90%,39.50%
243,Eric Jelen,143.9,31.60%,47.30%,23.20%,41.80%
244,Martin Klizan,143.9,28.60%,50.50%,23.10%,41.70%
245,Michael Stich,143.9,30.50%,49.50%,23.50%,40.40%
246,Boris Becker,143.8,28.90%,51.40%,23.60%,39.90%
247,Paul Capdeville,143.8,29.80%,49.10%,23.50%,41.40%
248,Jean-Philippe Fleurian,143.8,29.90%,49.20%,23.00%,41.70%
249,Nicolas Lapentti,143.8,30.20%,50.30%,24.10%,39.20%
250,Derrick Rostagno,143.8,30.10%,50.70%,23.70%,39.30%
251,Darren Cahill,143.7,28.70%,51.10%,23.10%,40.80%
252,Sebastian Korda,143.7,29.50%,50.80%,23.10%,40.30%
253,Guillermo Garcia-Lopez,143.6,29.80%,50.40%,23.40%,40.00%
254,Cedric Pioline,143.6,29.10%,50.90%,23.70%,39.90%
255,Sargis Sargsian,143.6,29.80%,49.80%,23.40%,40.60%
256,Henri Leconte,143.5,30.50%,49.90%,23.40%,39.70%
257,Andreas Vinciguerra,143.5,28.70%,49.40%,23.00%,42.40%
258,Marcelo Charpentier,143.4,29.70%,50.80%,23.00%,39.90%
259,Doug Flach,143.4,28.60%,51.10%,23.90%,39.80%
260,Stefano Galvani,143.4,30.30%,50.00%,23.60%,39.50%
261,Cristian Garin,143.3,30.80%,49.50%,23.70%,39.30%
262,Filip Krajinovic,143.3,28.20%,50.90%,22.80%,41.40%
263,Emil Ruusuvuori,143.3,29.90%,51.30%,22.70%,39.40%
264,Omar Camporese,143.2,29.70%,48.60%,22.30%,42.60%
265,Rui Machado,143.2,30.40%,49.70%,22.40%,40.70%
266,Viktor Troicki,143.2,30.30%,49.20%,23.10%,40.60%
267,Sergio Roitman,143.1,30.90%,50.90%,23.10%,38.20%
268,Casper Ruud,143.1,29.20%,50.80%,23.30%,39.80%
269,Chris Woodruff,143.1,28.70%,51.90%,24.30%,38.20%
270,Alex Bogomolov Jr.,143,28.40%,50.60%,22.90%,41.10%
271,Xavier Daufresne,143,27.80%,52.90%,22.80%,39.50%
272,Jacobo Diaz,143,29.80%,48.80%,23.60%,40.80%
273,John Fitzgerald,143,28.90%,51.60%,23.30%,39.20%
274,Benoit Paire,143,31.20%,48.90%,23.20%,39.70%
275,Alessio Di Mauro,142.9,28.50%,48.60%,22.50%,43.30%
276,Jan Hernych,142.9,30.00%,49.60%,22.60%,40.70%
277,Arnaud Clement,142.8,28.20%,51.80%,23.40%,39.40%
278,Zeljko Krajan,142.8,29.70%,52.80%,22.70%,37.60%
279,David Wheaton,142.8,28.00%,52.10%,23.00%,39.70%
280,Cristiano Caratti,142.7,29.50%,50.70%,23.20%,39.30%
281,Florian Mayer,142.7,29.10%,49.60%,23.10%,40.90%
282,Corentin Moutet,142.7,31.00%,49.90%,23.30%,38.50%
283,Albert Ramos-Vinolas,142.7,29.40%,50.10%,22.80%,40.40%
284,Marcos Baghdatis,142.6,29.50%,50.10%,22.70%,40.30%
285,Tommy Haas,142.6,29.10%,49.90%,23.50%,40.10%
286,Radek Stepanek,142.6,29.90%,49.60%,22.70%,40.40%
287,Andreas Seppi,142.6,29.30%,49.90%,22.80%,40.60%
288,Daniel Evans,142.5,29.50%,50.00%,22.60%,40.40%
289,Fred Gil,142.4,29.70%,49.40%,22.40%,40.90%
290,Todd Martin,142.4,28.00%,51.90%,22.30%,40.20%
291,Gianluca Pozzi,142.4,30.00%,49.70%,23.00%,39.70%
292,Steve Campbell,142.3,27.00%,50.00%,22.50%,42.80%
293,Jacob Fearnley,142.3,28.70%,50.40%,21.90%,41.30%
294,Yuri Schukin,142.3,28.60%,49.10%,21.20%,43.40%
295,Javier Frana,142.2,29.00%,50.60%,22.10%,40.50%
296,Jose Acasuso,142.1,29.30%,50.60%,22.90%,39.30%
297,Marcel Granollers,142.1,30.30%,48.70%,23.00%,40.10%
298,Christo Van Rensburg,142.1,31.00%,49.50%,23.70%,37.90%
299,Juan Manuel Cerundolo,142,31.20%,48.50%,22.70%,39.60%
300,Adrian Voinea,142,29.10%,49.70%,22.60%,40.60%
301,Federico Delbonis,141.9,29.30%,50.20%,22.20%,40.20%
302,Fernando Gonzalez,141.9,29.80%,49.60%,22.30%,40.20%
303,Maximo Gonzalez,141.9,30.40%,50.10%,23.00%,38.40%
304,Cedrik-Marcel Stebe,141.9,30.40%,49.80%,23.10%,38.60%
305,Jimmy Wang,141.9,29.10%,49.90%,22.70%,40.20%
306,Stefano Pescosolido,141.7,29.40%,49.40%,23.40%,39.50%
307,David Rikl,141.7,28.80%,49.10%,22.80%,41.00%
308,Botic van de Zandschulp,141.7,30.70%,49.80%,22.70%,38.50%
309,Robby Ginepri,141.6,28.40%,50.50%,22.90%,39.80%
310,Stephane Huet,141.6,28.50%,50.60%,22.00%,40.50%
311,Vincent Millot,141.6,28.30%,48.80%,22.60%,41.90%
312,Mackenzie McDonald,141.6,28.30%,50.70%,21.60%,41.00%
313,Bjorn Phau,141.6,29.30%,49.40%,21.90%,41.00%
314,Ryan Sweeting,141.6,26.90%,50.70%,21.90%,42.10%
315,John van Lottum,141.6,28.40%,49.90%,21.20%,42.10%
316,Karim Alami,141.5,31.20%,48.90%,22.90%,38.50%
317,John Millman,141.5,28.30%,50.30%,22.10%,40.80%
318,Mariano Puerta,141.5,28.60%,49.00%,22.30%,41.60%
319,Patrick Rafter,141.5,29.20%,49.90%,22.50%,39.90%
320,Alejandro Falla,141.4,28.70%,49.80%,22.30%,40.60%
321,Ilya Ivashka,141.3,29.10%,50.90%,22.80%,38.50%
322,Mikhail Kukushkin,141.3,27.50%,51.00%,21.90%,40.90%
323,Adrian Mannarino,141.3,28.20%,49.90%,21.80%,41.40%
324,Flavio Cobolli,141.2,29.50%,49.60%,22.80%,39.30%
325,Hugo Gaston,141.2,30.80%,48.10%,22.60%,39.70%
326,Tomas Behrend,141.1,28.90%,49.90%,22.10%,40.20%
327,Marcos Aurelio Gorriz,141.1,30.40%,48.90%,22.00%,39.80%
328,Lars Burgsmuller,141,29.40%,49.80%,21.70%,40.10%
329,Philipp Kohlschreiber,141,29.10%,49.70%,22.10%,40.10%
330,German Puentes,141,31.90%,46.30%,23.00%,39.80%
331,Karen Khachanov,140.9,28.50%,50.60%,21.50%,40.30%
332,Jurgen Melzer,140.9,29.90%,48.40%,22.60%,40.00%
333,Evgeny Korolev,140.8,28.50%,49.40%,21.60%,41.30%
334,Tomas Nydahl,140.8,27.20%,52.30%,23.20%,38.10%
335,Stephane Robert,140.8,28.40%,51.00%,21.50%,39.90%
336,Marin Cilic,140.7,29.90%,50.00%,22.40%,38.40%
337,Somdev Devvarman,140.7,28.10%,49.90%,22.70%,40.00%
338,Thomas Johansson,140.7,27.20%,50.40%,22.20%,40.90%
339,Constant Lestienne,140.7,28.80%,49.50%,21.40%,41.00%
340,Razvan Sabau,140.7,28.10%,50.80%,21.60%,40.20%
341,Alexandre Muller,140.6,27.80%,50.90%,21.40%,40.50%
342,Michael Russell,140.6,28.50%,49.60%,22.30%,40.20%
343,Dominic Thiem,140.6,29.60%,49.70%,22.50%,38.80%
344,Juan Albert Viloca-Puig,140.6,28.30%,50.10%,21.70%,40.50%
345,Frederik Fetterlein,140.5,28.60%,52.10%,21.70%,38.10%
346,Thomas Hogstedt,140.5,26.50%,50.80%,21.40%,41.80%
347,Marat Safin,140.5,28.70%,50.20%,22.40%,39.20%
348,Jakob Hlasek,140.4,28.60%,49.60%,21.90%,40.30%
349,Lukasz Kubot,140.4,29.20%,49.00%,21.90%,40.30%
350,Albert Montanes,140.4,29.10%,49.50%,22.40%,39.40%
351,Davide Sanguinetti,140.4,29.60%,49.00%,22.70%,39.10%
352,Chris Wilkinson,140.4,27.80%,53.00%,22.00%,37.60%
353,Mario Ancic,140.3,29.60%,48.80%,22.10%,39.80%
354,Jason Kubler,140.3,28.00%,48.60%,20.70%,43.00%
355,Taylor Dent,140.2,29.40%,48.50%,21.70%,40.60%
356,Olivier Delaitre,140.1,28.80%,49.00%,22.60%,39.70%
357,Mardy Fish,140.1,28.80%,49.30%,21.60%,40.40%
358,Lars Koslowski,140.1,29.00%,52.40%,23.10%,35.60%
359,Alexandr Dolgopolov,140,29.20%,49.30%,21.90%,39.60%
360,Grigor Dimitrov,140,29.60%,49.70%,22.10%,38.60%
361,Renzo Olivo,140,30.80%,49.10%,22.30%,37.80%
362,Alex Antonitsch,139.9,29.50%,48.20%,21.80%,40.40%
363,Igor Kunitsyn,139.9,28.10%,50.70%,21.80%,39.30%
364,Jared Palmer,139.9,27.70%,50.20%,21.40%,40.60%
365,Robbie Weiss,139.9,27.60%,50.80%,22.50%,39.00%
366,Neville Godwin,139.8,27.00%,50.20%,21.50%,41.10%
367,Henrik Holm,139.8,31.00%,47.70%,21.80%,39.30%
368,Miomir Kecmanovic,139.8,27.80%,51.30%,21.40%,39.30%
369,Nicolas Almagro,139.7,29.30%,49.50%,21.90%,39.00%
370,Galo Blanco,139.7,28.30%,50.00%,22.10%,39.30%
371,Gastao Elias,139.7,30.90%,46.20%,21.70%,40.90%
372,Paul-Henri Mathieu,139.7,27.70%,50.30%,21.50%,40.20%
373,Gerard Solves,139.7,29.50%,50.30%,21.90%,38.00%
374,Thomaz Bellucci,139.6,29.30%,49.80%,21.70%,38.80%
375,Filip Misolic,139.6,28.80%,46.70%,20.30%,43.80%
376,Holger Rune,139.6,28.50%,49.80%,21.20%,40.10%
377,Stan Wawrinka,139.6,29.60%,49.00%,22.10%,38.90%
378,Julien Benneteau,139.5,28.70%,49.80%,22.00%,39.00%
379,Yoshihito Nishioka,139.5,26.50%,52.30%,21.60%,39.10%
380,Irakli Labadze,139.4,29.50%,47.50%,21.00%,41.40%
381,Alex Kim,139.2,29.60%,51.20%,20.70%,37.70%
382,Aslan Karatsev,139.2,29.40%,49.40%,22.00%,38.40%
383,Roberto Azar,139.1,27.90%,49.60%,21.50%,40.10%
384,Igor Andreev,139.1,29.80%,48.30%,21.40%,39.60%
385,Juan Ignacio Londero,139.1,28.50%,49.70%,20.70%,40.20%
386,Alexander Popp,139.1,28.70%,48.50%,21.00%,40.90%
387,Tommy Ho,139,26.90%,50.50%,20.90%,40.70%
388,Diego Junqueira,139,29.20%,48.30%,21.70%,39.80%
389,Diego Nargiso,139,30.20%,47.70%,21.10%,40.00%
390,Arthur Fils,138.9,29.20%,49.50%,20.70%,39.50%
391,Todd Reid,138.9,28.40%,48.00%,20.60%,41.90%
392,Lukas Dlouhy,138.8,29.10%,48.70%,20.40%,40.60%
393,Nicklas Kulti,138.8,28.40%,50.50%,21.70%,38.20%
394,Richard Krajicek,138.8,28.80%,49.40%,21.20%,39.40%
395,Fabian Marozsan,138.8,27.70%,51.40%,21.20%,38.50%
396,Cecil Mamiit,138.8,29.90%,48.90%,22.40%,37.60%
397,Mark Petchey,138.8,29.30%,49.00%,20.90%,39.60%
398,David Prinosil,138.8,27.70%,50.30%,21.60%,39.20%
399,Fernando Roese,138.8,31.70%,45.60%,21.40%,40.10%
400,Jan Apell,138.7,26.80%,50.80%,21.20%,39.90%
401,Ivan Dodig,138.7,28.50%,48.80%,20.70%,40.70%
402,Wayne Odesnik,138.7,26.90%,51.50%,21.60%,38.70%
403,Janko Tipsarevic,138.6,27.40%,50.30%,21.30%,39.60%
404,Dominik Koepfer,138.5,28.60%,49.60%,21.10%,39.20%
405,Jan Kroslak,138.4,27.80%,50.80%,21.90%,37.90%
406,Federico Luzzi,138.4,30.40%,47.10%,21.10%,39.80%
407,Lionel Roux,138.4,27.80%,47.90%,20.80%,41.90%
408,Christian Vinck,138.4,28.20%,50.00%,20.70%,39.50%
409,Emilio Benfele Alvarez,138.3,29.00%,48.20%,21.10%,40.00%
410,Pablo Cuevas,138.3,29.00%,48.50%,20.90%,39.90%
411,Sandon Stolle,138.3,28.70%,49.30%,21.60%,38.70%
412,Andrei Stoliarov,138.3,28.20%,49.90%,22.60%,37.60%
413,Alejandro Tabilo,138.3,28.50%,49.70%,20.70%,39.40%
414,Brian Vahaly,138.3,27.60%,52.00%,20.80%,37.90%
415,Nikoloz Basilashvili,138.2,28.60%,49.60%,21.40%,38.60%
416,Magnus Larsson,138.2,27.90%,50.10%,21.50%,38.70%
417,Johan Van Herck,138.2,26.40%,50.80%,20.20%,40.80%
418,Ivo Heuberger,138.1,29.10%,47.70%,19.30%,42.00%
419,Wally Masur,138.1,28.30%,49.10%,21.30%,39.40%
420,Liam Broady,138,28.50%,48.40%,21.80%,39.30%
421,Joao Cunha-Silva,138,29.30%,48.80%,21.60%,38.30%
422,Daniel Koellerer,138,29.20%,49.70%,21.40%,37.70%
423,Paradorn Srichaphan,138,28.40%,48.90%,21.10%,39.60%
424,Potito Starace,138,29.20%,48.00%,21.10%,39.70%
425,Jiri Vanek,138,27.80%,48.60%,20.90%,40.70%
426,Hendrik Dreekmann,137.9,27.40%,50.80%,21.70%,38.00%
427,Chris Garner,137.9,28.00%,52.00%,22.00%,35.90%
428,Patrik Kuhnen,137.9,27.50%,49.60%,20.60%,40.20%
429,Sebastien Lareau,137.9,27.10%,51.10%,21.00%,38.70%
430,Marinko Matosevic,137.9,28.10%,49.60%,21.00%,39.20%
431,Danny Sapsford,137.9,26.30%,52.00%,21.20%,38.40%
432,Radu Albot,137.8,28.60%,50.50%,21.90%,36.80%
433,Ricardo Mello,137.8,27.30%,50.30%,20.30%,39.90%
434,Stefanos Tsitsipas,137.8,28.50%,49.10%,20.80%,39.40%
435,Jerome Golmard,137.7,26.60%,49.80%,21.30%,40.00%
436,Florent Serra,137.7,27.90%,49.30%,21.00%,39.50%
437,Matteo Arnaldi,137.6,29.30%,48.60%,20.80%,38.90%
438,Alessandro Giannessi,137.6,29.30%,49.00%,21.60%,37.70%
439,Alexander Shevchenko,137.6,28.00%,49.40%,20.40%,39.80%
440,Luciano Darderi,137.5,29.00%,49.30%,21.30%,37.90%
441,Jan-Michael Gambill,137.5,27.20%,49.50%,20.70%,40.10%
442,Jesse Levine,137.5,27.60%,48.60%,20.40%,40.90%
443,Michael Mmoh,137.5,27.40%,48.60%,20.10%,41.40%
444,Nicolas Devilder,137.3,28.80%,49.70%,21.40%,37.40%
445,Luiz Mattar,137.3,29.10%,47.90%,20.80%,39.50%
446,Marco Trungelliti,137.3,29.70%,47.10%,20.40%,40.10%
447,Paolo Cane,137.2,30.80%,48.30%,22.10%,36.00%
448,Steve Darcis,137.2,27.90%,49.10%,20.30%,39.90%
449,Peter Lundgren,137.2,28.50%,50.20%,21.10%,37.40%
450,Henri Laaksonen,137.2,28.20%,49.10%,20.50%,39.40%
451,Dusan Lajovic,137.2,28.50%,48.90%,20.80%,39.00%
452,Guido Pella,137.2,27.50%,51.30%,21.00%,37.40%
453,Alex Michelsen,137.1,28.10%,49.80%,20.80%,38.40%
454,Illya Marchenko,137.1,28.10%,48.60%,20.80%,39.60%
455,Richard Fromberg,137,29.20%,47.90%,21.00%,38.90%
456,Martin Vassallo Arguello,137,29.60%,47.40%,20.90%,39.10%
457,Jose Francisco Altur,136.9,29.90%,47.90%,20.70%,38.40%
458,Ivo Minar,136.9,28.50%,46.70%,19.60%,42.10%
459,Yibing Wu,136.9,28.60%,47.50%,18.90%,41.90%
460,Diego Hartfield,136.8,30.40%,50.30%,22.10%,34.00%
461,Harel Levy,136.8,28.10%,48.50%,20.60%,39.60%
462,Axel Pretzsch,136.8,27.90%,47.90%,20.50%,40.50%
463,Gerald Melzer,136.7,26.40%,50.60%,21.40%,38.30%
464,David Pate,136.7,28.80%,47.20%,19.40%,41.30%
465,Donald Young,136.7,28.50%,48.90%,20.80%,38.50%
466,Santiago Giraldo,136.6,28.10%,48.50%,21.00%,39.00%
467,Alex Calatrava,136.5,27.50%,47.80%,20.70%,40.50%
468,Daniel Elahi Galan,136.5,28.90%,48.30%,20.40%,38.90%
469,Kristof Vliegen,136.5,28.60%,47.90%,20.20%,39.80%
470,Rodolphe Gilbert,136.4,28.30%,49.30%,21.40%,37.40%
471,Robin Haase,136.4,28.40%,48.00%,20.50%,39.50%
472,Jakub Mensik,136.4,28.20%,49.10%,19.60%,39.50%
473,Sandor Noszaly,136.4,28.80%,49.00%,21.20%,37.40%
474,Roman Safiullin,136.4,28.00%,50.10%,20.50%,37.80%
475,Dmitry Tursunov,136.4,27.30%,49.30%,20.10%,39.70%
476,Jeremy Bates,136.3,27.10%,50.30%,20.50%,38.40%
477,Learner Tien,136.2,25.80%,52.10%,19.80%,38.50%
478,Laslo Djere,136.1,28.40%,49.20%,20.70%,37.80%
479,Inigo Cervantes,136,27.10%,47.80%,20.30%,40.80%
480,Taylor Fritz,136,27.10%,50.50%,20.20%,38.20%
481,Andrey Kuznetsov,136,28.70%,49.50%,21.10%,36.70%
482,Jens Knippschild,135.9,27.50%,49.20%,20.20%,39.00%
483,Soonwoo Kwon,135.9,27.50%,50.70%,20.60%,37.10%
484,Hyung-Taik Lee,135.9,29.20%,48.70%,21.30%,36.70%
485,Thomas Fabbiano,135.8,27.20%,51.40%,20.60%,36.60%
486,Pavel Kotov,135.8,27.60%,47.50%,19.60%,41.10%
487,Ethan Quinn,135.8,28.50%,47.80%,18.20%,41.30%
488,Guillaume Rufin,135.8,27.20%,49.40%,20.40%,38.80%
489,Jared Donaldson,135.7,26.50%,49.10%,20.50%,39.60%
490,Leonardo Lavalle,135.7,29.60%,48.90%,21.30%,35.90%
491,Udo Riglewski,135.7,28.00%,51.30%,19.20%,37.20%
492,Pedro Sousa,135.7,28.50%,49.00%,19.50%,38.70%
493,Andy Roddick,135.5,27.30%,49.10%,20.30%,38.80%
494,Joao Sousa,135.5,29.10%,48.20%,20.90%,37.30%
495,Daniel Elsner,135.4,26.60%,49.00%,19.80%,40.00%
496,Kyle Edmund,135.4,26.70%,50.20%,20.30%,38.20%
497,Guy Forget,135.4,28.00%,48.60%,20.40%,38.40%
498,Denis Shapovalov,135.4,28.70%,48.00%,20.10%,38.60%
499,Nuno Marques,135.3,29.60%,47.00%,19.90%,38.80%
500,Ramon Delgado,135.2,27.30%,49.30%,20.10%,38.50%
501,Jo-Wilfried Tsonga,135.2,28.60%,47.00%,19.90%,39.70%
502,Benjamin Bonzi,135.1,27.20%,50.00%,19.50%,38.40%
503,Tomas Martin Etcheverry,135.1,28.30%,49.70%,20.50%,36.60%
504,Bjorn Fratangelo,135,24.90%,50.00%,19.10%,41.00%
505,Marc Gicquel,135,27.50%,48.20%,19.90%,39.40%
506,J.J. Wolf,135,27.90%,48.00%,19.70%,39.40%
507,Joao Fonseca,134.9,29.90%,48.20%,21.50%,35.30%
508,Stefano Travaglia,134.9,28.80%,45.90%,20.00%,40.20%
509,Simon Youl,134.8,28.00%,48.40%,20.30%,38.10%
510,Arne Thoms,134.7,25.20%,48.30%,18.70%,42.50%
511,Taro Daniel,134.6,26.90%,48.60%,19.70%,39.40%
512,Jozef Kovalik,134.6,28.10%,48.40%,20.10%,38.00%
513,Stefan Kozlov,134.6,27.10%,49.80%,20.90%,36.80%
514,Mischa Zverev,134.6,29.00%,47.50%,19.60%,38.50%
515,Salvatore Caruso,134.5,27.10%,50.60%,20.70%,36.10%
516,Younes El Aynaoui,134.5,29.10%,48.20%,19.80%,37.40%
517,Marc Rosset,134.5,27.90%,49.00%,20.00%,37.60%
518,Felix Auger-Aliassime,134.4,29.80%,48.00%,19.90%,36.70%
519,Aljaz Bedene,134.4,27.80%,48.20%,19.60%,38.80%
520,Kevin Curren,134.4,29.10%,46.60%,20.50%,38.20%
521,Andrew Ilie,134.4,28.00%,49.10%,20.80%,36.50%
522,Markus Hantschk,134.3,27.00%,48.50%,20.90%,37.90%
523,Michael Tebbutt,134.3,27.90%,48.60%,19.80%,38.00%
524,Orlin Stanoytchev,134.2,25.80%,49.40%,19.60%,39.40%
525,Tim Smyczek,134.2,27.70%,48.60%,19.90%,38.00%
526,Tomas Zib,134.2,25.50%,49.30%,19.30%,40.10%
527,Hugo Dellien,134.1,29.20%,48.30%,20.00%,36.60%
528,Alex O'Brien,134.1,26.10%,49.80%,19.70%,38.50%
529,Maurice Ruah,134.1,28.50%,49.50%,20.00%,36.10%
530,Karol Beck,134,28.80%,48.20%,19.50%,37.50%
531,Gaston Etlis,134,27.10%,49.10%,19.70%,38.10%
532,Oliver Marach,134,27.20%,48.40%,19.20%,39.20%
533,Guillaume Raoux,134,26.00%,49.70%,19.70%,38.60%
534,Attila Balazs,133.9,29.00%,47.20%,18.60%,39.10%
535,Peter Gojowczyk,133.9,27.20%,48.70%,19.00%,39.00%
536,Oscar Hernandez,133.9,27.70%,48.90%,20.00%,37.30%
537,Frances Tiafoe,133.9,26.80%,49.90%,19.50%,37.70%
538,Patrick Baur,133.8,29.40%,48.50%,19.60%,36.30%
539,Zizou Bergs,133.7,28.70%,48.40%,19.30%,37.30%
540,Rinky Hijikata,133.7,28.70%,47.90%,19.80%,37.30%
541,Borna Coric,133.6,27.10%,49.10%,19.50%,37.90%
542,Matthew Ebden,133.5,27.50%,47.40%,19.30%,39.30%
543,Teymuraz Gabashvili,133.4,27.50%,48.80%,19.60%,37.50%
544,Martin Strelba,133.4,30.50%,45.60%,19.90%,37.40%
545,Goran Ivanisevic,133.3,25.70%,48.90%,19.20%,39.50%
546,Yen-Hsun Lu,133.3,26.50%,49.90%,19.20%,37.70%
547,Jack Sock,133.3,27.00%,48.20%,19.20%,38.90%
548,Andrey Golubev,133.2,27.60%,46.40%,19.00%,40.20%
549,Luis Horna,133.2,27.60%,47.70%,19.40%,38.50%
550,German Lopez,133.2,27.50%,46.70%,18.20%,40.80%
551,Tom Nijssen,133.2,28.20%,46.40%,18.50%,40.10%
552,Lucas Pouille,133.2,27.10%,48.40%,19.20%,38.50%
553,Pere Riba,133.2,27.00%,47.90%,18.30%,40.00%
554,Justin Gimelstob,133.1,27.80%,48.30%,19.40%,37.60%
555,Victor Hanescu,133.1,28.30%,47.70%,19.30%,37.80%
556,Kamil Majchrzak,133.1,25.80%,51.50%,18.90%,36.90%
557,Nuno Borges,133,28.00%,49.70%,19.00%,36.30%
558,Marcos Giron,133,27.60%,48.60%,19.10%,37.70%
559,Kevin Kim,133,27.90%,48.00%,19.60%,37.50%
560,Jiri Lehecka,132.9,27.90%,47.10%,19.20%,38.70%
561,Paolo Lorenzi,132.9,27.90%,47.80%,19.70%,37.50%
562,Simon Greul,132.8,27.10%,48.20%,19.10%,38.40%
563,Danai Udomchoke,132.8,27.00%,49.60%,19.30%,36.90%
564,Karsten Braasch,132.7,28.80%,48.10%,19.80%,36.00%
565,Denis Kudla,132.7,26.10%,48.60%,18.30%,39.70%
566,Boris Pashanski,132.7,27.00%,47.40%,19.00%,39.30%
567,Denis Gremelmayr,132.6,28.50%,46.40%,19.50%,38.20%
568,Jan Hajek,132.6,27.50%,49.90%,19.20%,36.00%
569,Martin Sinner,132.6,26.40%,48.70%,19.00%,38.50%
570,Shuzo Matsuoka,132.5,26.60%,48.20%,18.50%,39.20%
571,Adrian Garcia,132.4,26.40%,47.20%,17.80%,41.00%
572,Yannick Hanfmann,132.4,29.20%,48.20%,19.40%,35.60%
573,Edouard Roger-Vasselin,132.4,27.80%,48.10%,19.60%,36.90%
574,Vladimir Voltchkov,132.4,26.70%,50.30%,19.40%,36.00%
575,Juan Balcells,132.3,28.10%,46.60%,19.20%,38.40%
576,Werner Eschauer,132.3,27.00%,47.40%,19.10%,38.80%
577,Andrei Olhovskiy,132.3,27.90%,48.80%,19.20%,36.40%
578,Sebastian Ofner,132.3,26.30%,48.30%,18.20%,39.50%
579,Pedro Cachin,132.2,28.50%,46.80%,19.00%,37.90%
580,Alexander Bublik,132.1,28.20%,46.40%,18.60%,38.90%
581,Jeremy Chardy,132.1,27.30%,48.40%,18.90%,37.50%
582,Daniel Gimeno-Traver,132.1,28.50%,47.60%,19.30%,36.70%
583,Alejandro Gonzalez,132.1,27.30%,48.60%,18.70%,37.50%
584,Oscar Otte,132.1,27.30%,48.20%,18.30%,38.30%
585,Philipp Petzschner,132.1,28.00%,47.20%,19.10%,37.80%
586,Facundo Bagnis,132,28.30%,47.40%,18.80%,37.50%
587,Gouichi Motomura,132,25.40%,48.60%,19.60%,38.40%
588,Ricardas Berankis,131.9,26.60%,49.40%,19.20%,36.70%
589,Patrik Fredriksson,131.9,26.00%,49.80%,19.00%,37.10%
590,Jesper de Jong,131.8,28.30%,45.80%,18.40%,39.30%
591,Attila Savolt,131.8,28.70%,49.00%,19.40%,34.70%
592,Scott Davis,131.7,28.00%,48.20%,20.30%,35.20%
593,Marc-Kevin Goellner,131.7,26.80%,47.60%,18.80%,38.50%
594,Elias Ymer,131.7,27.80%,47.50%,19.10%,37.30%
595,Guido Andreozzi,131.6,26.50%,48.00%,18.70%,38.40%
596,Ernests Gulbis,131.6,27.80%,47.50%,18.90%,37.40%
597,Olivier Patience,131.6,27.20%,47.70%,20.00%,36.70%
598,Yuichi Sugita,131.6,25.90%,48.90%,18.70%,38.10%
599,Gilles Elseneer,131.5,29.10%,46.20%,18.70%,37.50%
600,Michael Kohlmann,131.5,26.00%,48.80%,19.10%,37.60%
601,Grega Zemlja,131.5,27.60%,47.10%,18.50%,38.30%
602,Ugo Humbert,131.4,27.70%,48.40%,19.20%,36.10%
603,Kenny Thorne,131.4,28.70%,47.00%,19.30%,36.40%
604,Eduardo Schwank,131.3,27.20%,48.70%,18.50%,36.90%
605,Igor Sijsling,131.3,26.80%,47.30%,18.20%,39.00%
606,Julien Boutter,131.2,28.00%,45.90%,18.50%,38.80%
607,Noam Okun,131.2,28.10%,45.60%,19.20%,38.30%
608,Juncheng Shang,131.1,26.90%,49.80%,19.50%,34.90%
609,Dennis Novak,131,25.40%,49.20%,17.50%,38.90%
610,Jim Grabb,131,28.10%,47.60%,18.90%,36.40%
611,Leander Paes,131,26.60%,49.00%,19.00%,36.40%
612,Dennis van Scheppingen,131,27.90%,48.50%,18.80%,35.80%
613,Jan Vacek,131,26.70%,47.70%,18.60%,38.00%
614,George Bastl,130.9,27.10%,48.90%,19.80%,35.10%
615,Jordan Thompson,130.9,28.20%,47.80%,18.80%,36.10%
616,Chuck Adams,130.8,27.80%,47.50%,19.40%,36.10%
617,Marco Cecchinato,130.8,27.80%,47.70%,18.40%,36.90%
618,Mitchell Krueger,130.8,25.60%,49.40%,17.80%,38.00%
619,Marzio Martelli,130.8,27.60%,48.80%,19.80%,34.60%
620,Denis Istomin,130.7,27.10%,47.50%,18.30%,37.80%
621,Jan-Lennard Struff,130.7,27.10%,49.20%,18.40%,36.00%
622,Thierry Guardiola,130.6,27.70%,49.00%,19.40%,34.50%
623,Gianluca Mager,130.5,27.00%,46.20%,17.90%,39.40%
624,Kristian Pless,130.5,26.10%,47.30%,17.90%,39.20%
625,Gregoire Barrere,130.4,27.60%,47.60%,18.60%,36.60%
626,Scott Draper,130.4,26.70%,48.00%,17.90%,37.80%
627,Christian Saceanu,130.4,27.60%,47.40%,18.00%,37.40%
628,Oleg Ogorodov,130.2,27.10%,46.50%,18.00%,38.60%
629,Jonathan Stark,130.2,27.50%,47.30%,18.30%,37.10%
630,Rogerio Dutra Silva,130.1,29.20%,46.40%,18.70%,35.80%
631,Julian Reister,130,30.00%,47.60%,19.30%,33.10%
632,Thiago Seyboth Wild,130,28.20%,47.10%,18.10%,36.60%
633,Gabriel Diallo,129.9,28.20%,45.50%,18.50%,37.70%
634,Hamad Medjedovic,129.9,27.00%,48.30%,17.30%,37.30%
635,Francesco Passaro,129.9,24.80%,50.40%,16.90%,37.80%
636,Thierry Ascione,129.8,26.70%,46.40%,18.20%,38.50%
637,Egor Gerasimov,129.8,26.60%,49.40%,18.00%,35.80%
638,Raemon Sluiter,129.8,26.90%,47.30%,17.80%,37.80%
639,Adam Walton,129.8,25.30%,49.10%,17.60%,37.80%
640,Rik De Voest,129.7,26.50%,47.30%,18.10%,37.80%
641,Daniel Munoz de la Nava,129.7,29.00%,47.50%,19.50%,33.70%
642,Ivan Ljubicic,129.6,27.30%,46.90%,18.30%,37.10%
643,Daniel Altmaier,129.5,26.90%,46.80%,18.10%,37.70%
644,Martin Lee,129.5,27.00%,48.20%,18.50%,35.80%
645,Luca Van Assche,129.4,28.20%,49.40%,18.50%,33.30%
646,Mirza Basic,129.3,25.90%,45.80%,18.30%,39.30%
647,Jan Siemerink,129.3,27.50%,47.60%,17.80%,36.40%
648,Martin Verkerk,129.2,27.20%,47.00%,15.90%,39.10%
649,Ryan Harrison,129.1,26.70%,46.50%,17.70%,38.20%
650,Jeff Morrison,129.1,27.20%,47.60%,18.10%,36.20%
651,Sumit Nagal,129.1,28.00%,49.50%,19.30%,32.30%
652,Pat Cash,129,28.40%,45.10%,17.60%,37.90%
653,Hubert Hurkacz,129,27.20%,47.50%,17.60%,36.70%
654,Malek Jaziri,129,26.10%,47.90%,18.10%,36.90%
655,Yunchaokete Bu,129,26.70%,48.40%,18.50%,35.40%
656,Matteo Berrettini,128.9,28.10%,46.10%,17.80%,36.90%
657,Francisco Comesana,128.9,28.70%,46.70%,17.40%,36.10%
658,Victor Estrella Burgos,128.9,24.50%,46.90%,17.20%,40.30%
659,Brandon Nakashima,128.9,26.80%,48.20%,17.60%,36.30%
660,Mark Philippoussis,128.9,26.70%,47.60%,18.10%,36.50%
661,Sebastien De Chaunac,128.8,25.20%,47.90%,18.00%,37.70%
662,Julian Knowle,128.8,27.40%,46.60%,18.90%,35.90%
663,Leonardo Mayer,128.7,27.00%,47.80%,17.30%,36.60%
664,Hugo Armando,128.6,26.50%,51.20%,17.80%,33.10%
665,Tatsuma Ito,128.6,26.20%,48.40%,17.50%,36.50%
666,Jiri Vesely,128.6,26.30%,47.30%,17.90%,37.10%
667,Kenneth Carlsen,128.5,26.90%,47.30%,17.40%,36.90%
668,Lorenzo Sonego,128.5,27.60%,45.90%,17.30%,37.70%
669,Sergiy Stakhovsky,128.3,27.50%,46.70%,17.90%,36.20%
670,Andreas Beck,128.2,27.00%,48.00%,17.50%,35.70%
671,Matthias Bachinger,128.2,27.70%,48.10%,18.40%,34.00%
672,Nicolas Mahut,128.2,26.60%,46.10%,17.10%,38.40%
673,David Witt,128.2,23.30%,49.10%,17.00%,38.80%
674,Daniel Vacek,128.1,25.70%,47.70%,17.90%,36.80%
675,Thiago Alves,127.9,23.70%,48.30%,17.80%,38.10%
676,Brian Baker,127.9,26.40%,48.40%,18.00%,35.10%
677,Alexander Peya,127.9,28.90%,46.00%,18.40%,34.60%
678,Michael Berrer,127.8,27.20%,46.20%,17.30%,37.10%
679,Marco Chiudinelli,127.8,25.60%,47.60%,16.90%,37.70%
680,Jason Jung,127.7,26.40%,49.30%,17.20%,34.80%
681,Chris Pridham,127.7,27.70%,47.60%,18.40%,34.00%
682,Brian Dabul,127.6,27.80%,47.40%,18.00%,34.40%
683,Danilo Marcelino,127.6,28.60%,45.70%,17.70%,35.60%
684,Lars Rehmann,127.6,25.20%,48.00%,18.40%,36.00%
685,Thiago Monteiro,127.4,25.00%,47.10%,16.70%,38.60%
686,Norbert Gombos,127.2,27.70%,47.90%,17.70%,33.90%
687,Michael Llodra,127.2,27.30%,46.50%,17.00%,36.40%
688,Cyril Saulnier,127.2,25.60%,47.80%,17.00%,36.80%
689,Sam Querrey,127.1,26.60%,46.30%,17.20%,37.00%
690,Greg Rusedski,127.1,26.40%,46.90%,17.00%,36.80%
691,Benjamin Becker,127,25.80%,46.60%,17.10%,37.50%
692,Pierre-Hugues Herbert,126.8,26.50%,46.10%,16.50%,37.70%
693,Nick Kyrgios,126.6,24.30%,46.70%,16.30%,39.30%
694,Ben Shelton,126.6,25.80%,45.80%,16.10%,38.90%
695,Joern Renzenbrink,126.5,26.40%,48.20%,16.50%,35.40%
696,Peter Polansky,126.4,25.60%,47.20%,17.40%,36.20%
697,Joao Souza,126.3,28.30%,45.50%,16.70%,35.80%
698,Bernard Tomic,126.3,25.30%,47.60%,17.20%,36.20%
699,Zhizhen Zhang,126.3,25.60%,47.20%,16.60%,36.90%
700,Martin Damm,126.2,25.50%,47.80%,17.40%,35.50%
701,Thiemo de Bakker,126.2,26.20%,45.50%,16.30%,38.20%
702,Peter Wessels,126,25.00%,46.80%,16.10%,38.10%
703,Marcos Daniel,125.8,24.40%,47.10%,15.90%,38.40%
704,Jerzy Janowicz,125.8,26.60%,46.00%,16.80%,36.40%
705,Bryan Shelton,125.8,26.40%,48.60%,16.10%,34.70%
706,Bob Bryan,125.7,23.40%,46.50%,15.40%,40.40%
707,Tuomas Ketola,125.7,24.90%,45.30%,17.10%,38.40%
708,Andreas Haider-Maurer,125.6,26.50%,45.10%,17.00%,37.00%
709,Marc-Andrea Huesler,125.4,24.60%,46.10%,13.90%,40.80%
710,Lukas Lacko,125.4,25.20%,47.20%,16.50%,36.50%
711,Jamie Morgan,125.4,26.70%,47.90%,17.80%,33.00%
712,Tennys Sandgren,125.4,25.80%,46.80%,16.30%,36.50%
713,Gregory Carraz,125.3,26.00%,44.70%,16.20%,38.40%
714,Roko Karanusic,125.3,29.80%,44.90%,17.80%,32.80%
715,Alex Radulescu,125.3,24.40%,47.20%,16.40%,37.30%
716,Lukas Rosol,125.2,26.10%,46.30%,16.40%,36.40%
717,Alexander Mronz,125.1,25.10%,47.00%,16.90%,36.10%
718,Daniel Nestor,125.1,23.80%,47.60%,16.80%,36.90%
719,Michiel Schapers,125.1,27.10%,47.00%,16.70%,34.30%
720,Go Soeda,125.1,26.40%,46.50%,16.80%,35.40%
721,Arthur Cazaux,125,26.50%,45.50%,16.70%,36.30%
722,Brian MacPhie,125,26.80%,46.80%,16.30%,35.10%
723,Chun-Hsin Tseng,125,24.30%,49.30%,16.80%,34.60%
724,Kevin Anderson,124.9,26.20%,46.80%,16.10%,35.80%
725,Ruben Bemelmans,124.9,25.70%,46.60%,15.80%,36.80%
726,Alex Bolt,124.9,26.60%,47.00%,17.00%,34.30%
727,Jacco Eltingh,124.9,25.50%,47.30%,16.20%,35.90%
728,Luca Nardi,124.9,24.70%,48.80%,16.50%,34.90%
729,Hendrik Jan Davids,124.8,25.30%,48.40%,16.00%,35.10%
730,Simone Bolelli,124.5,26.00%,45.90%,15.70%,36.90%
731,Lloyd Harris,124.4,25.70%,46.00%,15.90%,36.80%
732,Mattia Bellucci,124.3,27.50%,46.40%,16.90%,33.50%
733,Dustin Brown,124.2,26.00%,45.30%,16.10%,36.80%
734,Victor Crivoi,124.2,28.20%,46.70%,18.00%,31.30%
735,Jamie Delgado,124.1,24.60%,47.80%,16.60%,35.10%
736,Milos Raonic,124.1,26.70%,46.00%,15.80%,35.60%
737,Grant Connell,123.9,29.50%,45.70%,16.60%,32.10%
738,Marsel Ilhan,123.6,25.20%,45.90%,15.70%,36.80%
739,Max Mirnyi,123.6,27.20%,44.80%,15.70%,35.90%
740,Max Purcell,123.4,26.00%,46.70%,16.00%,34.70%
741,Peter Luczak,123.1,24.50%,46.70%,15.80%,36.10%
742,Antony Dupuis,123,25.50%,46.50%,16.00%,35.00%
743,Steve Johnson,122.9,25.30%,45.80%,16.10%,35.70%
744,James Duckworth,122.8,24.00%,47.40%,15.00%,36.40%
745,Stephane Simian,122.8,25.80%,47.00%,16.00%,34.00%
746,Adrian Ungur,122.8,26.70%,44.90%,15.70%,35.50%
747,Nicolas Pereira,122.6,26.50%,46.40%,15.70%,34.00%
748,Tallon Griekspoor,122.5,25.10%,46.40%,15.10%,35.90%
749,Michal Przysiezny,122.2,24.50%,45.00%,15.10%,37.60%
750,Ivan Navarro,121.8,26.80%,43.60%,14.60%,36.80%
751,Vasek Pospisil,121.8,25.50%,44.90%,14.90%,36.50%
752,Aleksandar Vukic,121.8,25.50%,46.00%,15.20%,35.10%
753,Jurgen Zopp,121.6,26.60%,46.10%,16.00%,32.90%
754,Nicolas Jarry,121.4,26.00%,45.90%,14.80%,34.70%
755,Christopher O'Connell,121.4,25.80%,46.40%,15.80%,33.40%
756,Horacio Zeballos,121.4,24.00%,45.50%,15.00%,36.90%
757,Neil Borwick,121.3,27.00%,44.50%,16.00%,33.80%
758,Fernon Wibier,121.3,25.50%,45.10%,14.50%,36.20%
759,Yosuke Watanuki,121.3,26.70%,46.50%,16.40%,31.70%
760,Feliciano Lopez,121.2,26.30%,44.20%,15.30%,35.40%
761,Evgeny Donskoy,121.1,25.30%,45.90%,15.20%,34.70%
762,Thanasi Kokkinakis,121.1,24.90%,46.70%,14.70%,34.80%
763,Arthur Rinderknech,121,25.60%,44.90%,15.40%,35.10%
764,Markus Zoecke,120.9,24.30%,46.40%,15.10%,35.10%
765,Glenn Weiner,120.8,25.00%,46.90%,14.70%,34.20%
766,Laurence Tieleman,120.5,25.20%,44.90%,15.70%,34.70%
767,Quentin Halys,120.3,25.20%,45.50%,14.50%,35.10%
768,Prakash Amritraj,120.2,25.00%,45.40%,15.90%,33.90%
769,Takao Suzuki,120.1,25.10%,44.80%,14.30%,35.90%
770,Martin Rodriguez,119.9,27.70%,46.40%,15.70%,30.10%
771,Dominic Stricker,119.8,24.60%,49.60%,14.80%,30.80%
772,Rajeev Ram,119.7,25.50%,43.80%,14.80%,35.60%
773,Jeff Salzenstein,119.7,25.90%,45.60%,15.20%,33.00%
774,Daniele Bracciali,119.5,25.70%,45.00%,14.80%,34.00%
775,Alexei Popyrin,119.5,26.10%,45.90%,15.40%,32.10%
776,Jesse Huta Galung,119.4,25.70%,47.00%,13.60%,33.10%
777,Gary Muller,119.3,25.10%,44.40%,14.70%,35.10%
778,Jurij Rodionov,119.3,25.90%,48.50%,15.10%,29.80%
779,James Ward,119.2,25.20%,47.10%,14.30%,32.60%
780,Frank Dancevic,118.9,24.90%,45.20%,15.30%,33.50%
781,Alex Kuznetsov,118.5,23.80%,46.20%,14.50%,34.00%
782,Joachim Johansson,118.3,22.40%,47.50%,13.70%,34.70%
783,Borna Gojo,118.1,25.90%,47.50%,15.80%,28.90%
784,Andrew Sznajder,117.9,25.60%,46.30%,14.40%,31.60%
785,Alex Bogdanovic,117.8,23.40%,48.70%,13.50%,32.20%
786,Luke Jensen,117.8,24.50%,43.70%,15.00%,34.60%
787,Bobby Reynolds,117.6,24.70%,46.10%,14.50%,32.30%
788,Robert Kendrick,117.4,25.20%,45.70%,13.80%,32.70%
789,Aleksandar Kovacevic,116.5,24.70%,44.80%,14.40%,32.60%
790,Maximilian Marterer,116.4,23.80%,44.50%,13.50%,34.60%
791,Amer Delic,116.2,25.00%,43.50%,13.70%,34.00%
792,Konstantin Kravchuk,116.2,24.10%,43.40%,14.10%,34.60%
793,Ramkumar Ramanathan,116.1,25.40%,47.50%,14.00%,29.20%
794,Yasutaka Uchiyama,116.1,24.70%,47.30%,14.60%,29.50%
795,Gilles Muller,116,23.50%,44.80%,13.30%,34.40%
796,Emilio Nava,116,25.50%,42.20%,13.40%,34.90%
797,Nicolas Thomann,115.7,25.20%,46.60%,13.90%,30.00%
798,Maxime Cressy,115.5,24.10%,42.10%,12.30%,37.00%
799,Marius Copil,115.5,25.10%,43.90%,12.90%,33.60%
800,Fredrik Jonsson,115.1,22.90%,47.40%,14.20%,30.60%
801,Arvind Parmar,114.9,24.10%,44.60%,13.50%,32.70%
802,Ernesto Escobedo,114.6,23.80%,45.50%,13.90%,31.40%
803,Dick Norman,114.5,24.50%,44.30%,12.60%,33.10%
804,Alexander Waske,114.2,24.50%,42.30%,12.00%,35.40%
805,Bradley Klahn,113.6,24.50%,42.30%,12.00%,34.80%
806,Daniel Brands,113.4,24.00%,45.10%,12.40%,31.90%
807,Wesley Moodie,113.1,24.00%,43.60%,12.50%,33.00%
808,Lorenzo Manta,112.8,22.10%,45.70%,13.80%,31.20%
809,Christopher Eubanks,111.6,22.50%,43.60%,11.30%,34.20%
810,Austin Krajicek,108.5,22.30%,44.40%,11.10%,30.70%
811,Paul Wekesa,108,24.20%,43.80%,10.60%,29.40%
812,Sam Groth,106.3,23.00%,40.90%,10.40%,32.00%
813,Kenny De Schepper,106.1,23.70%,43.20%,10.40%,28.80%
814,Giovanni Mpetshi Perricard,105.9,21.70%,37.40%,9.20%,37.60%
815,John Isner,104.3,22.30%,41.80%,10.10%,30.10%
816,Wayne Arthurs,103.9,23.40%,40.50%,10.00%,30.00%
817,Reilly Opelka,103.7,20.70%,42.30%,9.80%,30.90%
818,Ivo Karlovic,100.1,21.20%,40.20%,8.50%,30.20%
819,Chris Guccione,98.5,21.40%,40.30%,8.60%,28.20%