Rank,Player,Serve Rating,% 1st Serve,% 1st Serve Points Won,% 2st Serve Points Won,% Service Games Won,Avg. Aces/ Match,Avg. Double Faults/Match
1,John Isner,312,69.00%,78.80%,56.00%,91.80%,18.7,2.3
2,Ivo Karlovic,309.8,65.50%,82.70%,53.30%,92.00%,19.8,3.5
3,Milos Raonic,302.6,62.80%,81.50%,55.00%,91.10%,15.5,3.3
4,Reilly Opelka,300.6,63.40%,79.10%,54.20%,89.40%,17.7,3.2
5,Andy Roddick,299.9,64.80%,79.30%,56.00%,90.10%,11.7,2
6,Nick Kyrgios,296.6,65.90%,77.40%,53.20%,88.60%,15,3.5
7,Giovanni Mpetshi Perricard,294.2,64.80%,78.40%,52.50%,87.80%,15.6,4.9
8,Joachim Johansson,293.4,62.10%,79.20%,52.80%,89.30%,14.3,4.3
9,Matteo Berrettini,290.9,64.10%,77.90%,52.90%,87.90%,10,1.9
10,Roger Federer,290.9,62.10%,77.30%,56.80%,88.80%,7.8,1.9
11,Kevin Anderson,290.8,64.50%,77.00%,52.80%,86.60%,12.9,3
12,Wayne Arthurs,290.4,55.70%,81.20%,54.70%,88.20%,15.8,5.2
13,Pete Sampras,289,59.50%,80.90%,52.60%,88.70%,11,3.7
14,Hubert Hurkacz,288.3,63.40%,76.60%,52.40%,86.40%,11.6,2.1
15,Ben Shelton,288.3,65.40%,75.80%,53.70%,87.30%,9.8,3.7
16,Chris Guccione,287.7,60.00%,78.50%,51.50%,86.40%,14.6,3.3
17,Richard Krajicek,286.9,58.20%,81.40%,51.10%,87.20%,12.6,3.6
18,Jo-Wilfried Tsonga,286.8,62.00%,77.60%,52.80%,86.90%,9.9,2.4
19,Wesley Moodie,285.2,68.90%,73.50%,51.30%,83.80%,10.8,3.1
20,Christopher Eubanks,284.5,68.30%,73.60%,51.00%,84.30%,10.6,3.3
21,Sam Groth,284.4,60.50%,78.30%,50.70%,84.50%,15.4,5
22,Novak Djokovic,284.2,64.90%,74.20%,55.50%,86.10%,5.8,2.3
23,Gilles Muller,284.2,61.40%,78.00%,50.10%,84.90%,13.4,3.6
24,Brandon Nakashima,284.2,64.30%,74.80%,53.80%,85.00%,7.9,1.6
25,Rafael Nadal,284.1,68.00%,72.00%,57.10%,85.50%,3.2,1.7
26,Stefanos Tsitsipas,284.1,62.00%,76.20%,54.70%,86.40%,7.2,2.4
27,Maxime Cressy,283.9,60.10%,79.00%,52.00%,87.40%,14.8,9.4
28,Greg Rusedski,283.2,58.00%,79.80%,52.30%,86.50%,11.2,4.6
29,Ivan Ljubicic,282.5,58.40%,77.50%,51.80%,85.30%,12,2.5
30,Sam Querrey,282.4,59.10%,78.90%,50.20%,84.80%,12.8,3.4
31,Goran Ivanisevic,282.2,54.90%,82.50%,50.10%,85.70%,13.9,4.9
32,Mark Philippoussis,281.7,57.90%,79.90%,49.90%,85.30%,13.9,5.2
33,Taylor Fritz,281.6,60.20%,76.70%,52.50%,84.60%,9.9,2.3
34,Juan Martin del Potro,281.4,63.80%,74.40%,53.20%,84.80%,7.5,2.3
35,Nicolas Jarry,281.1,63.70%,74.40%,52.20%,83.90%,9.7,2.8
36,Alexander Zverev,281,67.00%,74.70%,50.50%,84.00%,8.4,3.6
37,Jannik Sinner,279.8,59.90%,75.10%,55.30%,85.70%,5.9,2.1
38,Max Mirnyi,279.2,62.60%,75.80%,51.20%,83.90%,9.4,3.7
39,Carlos Alcaraz,279.1,64.90%,72.10%,55.90%,84.20%,4.4,2.4
40,Mario Ancic,279.1,61.30%,75.50%,51.90%,83.80%,9.3,2.7
41,Borna Gojo,278.7,64.50%,75.00%,49.40%,82.00%,11.5,3.7
42,Felix Auger-Aliassime,278.6,63.70%,75.80%,50.20%,83.60%,9.4,4.1
43,Hamad Medjedovic,278.5,64.70%,73.90%,51.00%,83.30%,9,3.4
44,Boris Becker,278.4,57.40%,79.40%,50.20%,85.80%,10.4,4.8
45,Guy Forget,278.3,58.10%,77.80%,51.70%,84.00%,9,2.3
46,Todd Martin,278.1,61.60%,75.60%,51.10%,83.60%,9.5,3.3
47,Arthur Rinderknech,278.1,63.30%,75.50%,48.70%,83.40%,10,2.8
48,Lloyd Harris,278,64.70%,74.80%,48.00%,81.70%,11.2,2.4
49,Jack Draper,277.9,60.10%,76.50%,51.50%,84.50%,8.2,2.9
50,Robin Soderling,277.8,61.10%,75.70%,51.70%,83.90%,8.4,3
51,Daniel Brands,277.4,65.90%,72.70%,51.20%,81.80%,8.8,3
52,Patrick Rafter,277.4,61.90%,75.60%,51.70%,84.70%,7.1,3.6
53,Thanasi Kokkinakis,277.2,61.70%,75.40%,49.50%,83.10%,10.9,3.4
54,Casper Ruud,277.2,64.90%,72.20%,53.90%,83.30%,5.2,2.3
55,Tallon Griekspoor,277,63.70%,74.00%,51.20%,83.30%,8.2,3.4
56,Tomas Berdych,276.9,58.00%,76.90%,52.40%,84.40%,7.7,2.5
57,Feliciano Lopez,276.5,58.40%,76.10%,51.40%,83.60%,10.5,3.5
58,Michael Stich,276.5,56.60%,77.80%,52.50%,85.30%,8.3,4
59,Jim Courier,276.4,62.20%,74.20%,53.30%,84.10%,5.2,2.6
60,Lorenzo Sonego,276.4,65.90%,72.70%,51.30%,82.50%,6.1,2.1
61,Andre Agassi,275.8,62.60%,72.90%,54.00%,84.00%,4.8,2.5
62,Juan Balcells,275.8,71.40%,68.10%,52.80%,80.30%,5.3,2.1
63,Marin Cilic,275.8,56.80%,76.80%,52.20%,83.70%,9.3,3
64,Joao Fonseca,275.8,66.00%,71.20%,53.10%,81.70%,6,2.2
65,Marc-Andrea Huesler,275.7,60.10%,74.00%,52.80%,82.50%,8.9,2.6
66,Quentin Halys,275.6,58.90%,77.60%,48.20%,83.30%,12.7,5.1
67,Karen Khachanov,275.6,62.50%,73.70%,51.90%,82.30%,7.7,2.5
68,Martin Verkerk,275.5,59.50%,75.80%,50.20%,82.50%,12.4,4.9
69,Gabriel Diallo,275.2,66.30%,72.30%,49.30%,81.30%,8.9,2.9
70,Jakub Mensik,275.2,58.90%,76.30%,48.60%,83.10%,12.3,4
71,Zhizhen Zhang,275.2,63.30%,72.70%,51.80%,81.90%,7.5,2
72,Steve Johnson,275.1,58.90%,75.00%,52.30%,83.60%,8.4,3.1
73,Daniil Medvedev,275,61.30%,75.20%,51.10%,83.20%,8,3.8
74,Grigor Dimitrov,274.9,62.10%,75.10%,51.30%,82.90%,7,3.5
75,Ugo Humbert,274.6,61.80%,73.40%,52.50%,82.40%,7.2,2.7
76,Andrey Rublev,274.6,60.60%,75.30%,51.10%,83.00%,7.2,2.6
77,Alexei Popyrin,274.3,61.40%,74.60%,50.00%,82.40%,9.5,3.6
78,Jiri Lehecka,274.2,62.80%,73.00%,52.00%,82.10%,6.8,2.5
79,Nicolas Almagro,274,58.10%,74.80%,52.80%,82.50%,8.3,2.5
80,Marius Copil,273.8,57.40%,75.20%,51.60%,81.60%,11.1,3.1
81,Bernard Tomic,273.6,66.20%,71.00%,49.80%,80.50%,7.9,1.8
82,Peter Wessels,273.6,62.50%,74.20%,50.10%,81.10%,9,3.3
83,Magnus Larsson,273.3,63.50%,72.90%,51.10%,81.70%,6.6,2.5
84,Sebastian Korda,273.2,62.70%,72.20%,51.90%,81.70%,7,2.3
85,Takao Suzuki,273,63.60%,71.40%,52.30%,79.70%,8.6,2.6
86,Vasek Pospisil,272.7,58.00%,76.10%,50.00%,82.60%,9.6,3.6
87,Wally Masur,272.6,66.20%,70.30%,52.70%,80.70%,4.9,2.2
88,Shuzo Matsuoka,272.6,61.20%,74.10%,50.70%,81.70%,7.7,2.8
89,Jiri Vesely,272.6,64.30%,72.70%,50.40%,81.00%,8.1,3.9
90,Michael Llodra,272.5,62.20%,73.50%,51.10%,81.20%,7.8,3.3
91,Jerzy Janowicz,272.4,62.00%,74.70%,49.30%,82.00%,9.6,5.2
92,Stan Wawrinka,272.4,57.70%,73.80%,53.60%,82.60%,7.3,2.6
93,Fernando Gonzalez,272.3,60.90%,74.20%,51.40%,82.90%,7,4.1
94,Holger Rune,272.3,61.90%,72.40%,53.40%,82.60%,5.3,3.3
95,Dominic Thiem,272.3,60.50%,73.50%,53.00%,82.40%,5.7,2.8
96,Jonathan Stark,272.2,59.40%,76.20%,49.20%,81.90%,9.1,3.6
97,Alexander Waske,272.1,60.60%,73.40%,50.80%,81.30%,10.5,4.5
98,Kenny De Schepper,272,66.80%,71.60%,48.50%,81.20%,8.2,4.3
99,Mardy Fish,271.9,53.80%,77.10%,51.70%,82.30%,9.9,2.9
100,Frances Tiafoe,271.8,59.90%,73.10%,52.20%,81.50%,7.6,2.5
101,Denis Istomin,271.6,65.40%,71.00%,51.00%,79.50%,6.5,1.8
102,Denis Shapovalov,271.6,59.00%,75.80%,51.10%,83.30%,8.2,5.8
103,Thiago Monteiro,271.5,64.70%,71.70%,51.70%,80.20%,5.5,2.3
104,Philipp Kohlschreiber,271.4,60.40%,72.10%,53.90%,81.50%,5.6,2.1
105,Victor Hanescu,271.3,69.10%,69.20%,50.70%,79.10%,4.8,1.6
106,Marat Safin,271.3,55.30%,75.20%,52.20%,82.20%,8.8,2.4
107,Javier Frana,271.2,61.60%,73.00%,51.30%,80.80%,6.3,1.8
108,Gustavo Kuerten,271,54.70%,76.20%,51.60%,82.50%,8.5,2.5
109,Leonardo Mayer,271,60.90%,73.30%,52.40%,81.70%,6.3,3.6
110,Alex Radulescu,271,56.40%,77.00%,49.20%,81.60%,10.4,3.6
111,Markus Zoecke,271,64.10%,72.20%,49.70%,80.30%,7.5,2.8
112,Arthur Cazaux,270.8,58.00%,74.80%,49.30%,82.40%,9.1,2.8
113,Ivan Lendl,270.8,56.00%,76.00%,52.20%,82.40%,6.9,2.7
114,Richard Gasquet,270.7,61.20%,72.70%,52.80%,81.20%,5.3,2.5
115,Borna Coric,270.6,61.80%,72.20%,52.40%,80.50%,5.9,2.2
116,Dominic Stricker,270.5,56.70%,76.50%,50.60%,80.90%,8.7,2.9
117,Roberto Bautista Agut,270.4,66.10%,69.60%,53.50%,80.00%,3.1,1.9
118,Gael Monfils,270.4,62.00%,73.20%,49.80%,80.80%,8.3,3.7
119,Fernando Verdasco,270.4,67.00%,70.70%,50.90%,80.20%,5.5,3.9
120,Ernests Gulbis,270.3,60.10%,75.20%,48.50%,81.30%,9.4,4.2
121,Andy Murray,270.2,58.30%,74.20%,51.80%,81.60%,6.8,2.5
122,Simone Bolelli,270,66.40%,69.00%,52.90%,79.10%,4.1,1.5
123,Arthur Fils,270,61.30%,73.90%,50.30%,81.70%,6,3.2
124,Aleksandar Vukic,269.9,59.40%,73.60%,50.00%,79.70%,9.2,2
125,Tomas Martin Etcheverry,269.8,64.10%,70.70%,50.90%,79.70%,6.2,1.8
126,Nicolas Mahut,269.8,60.80%,73.30%,50.40%,81.00%,7.8,3.5
127,Amer Delic,269.7,59.70%,72.30%,50.40%,80.10%,10.3,3.1
128,Jan-Michael Gambill,269.7,55.80%,76.30%,49.10%,81.10%,10.8,3.4
129,Roman Safiullin,269.7,62.60%,72.80%,50.70%,79.90%,7,3.3
130,Radek Stepanek,269.6,62.00%,72.80%,50.80%,80.80%,6.3,3.1
131,Alex Michelsen,269.5,66.90%,69.90%,50.90%,79.50%,4.9,2.6
132,Kenneth Carlsen,269.4,58.20%,75.00%,50.20%,81.40%,7.9,3.3
133,Aleksandar Kovacevic,269.4,58.80%,75.40%,48.80%,81.20%,8.6,3.4
134,Yosuke Watanuki,269.4,54.60%,76.40%,50.90%,82.00%,9.7,4.2
135,Younes El Aynaoui,269.2,61.80%,72.60%,50.10%,80.80%,7,3.1
136,Tommy Haas,269.2,58.40%,74.20%,52.00%,81.60%,6.9,3.9
137,Jack Sock,269.1,58.80%,73.60%,52.40%,81.90%,6.7,4.3
138,Juan Carlos Ferrero,268.9,64.00%,69.20%,54.20%,79.70%,4.1,2.3
139,Bob Bryan,268.8,62.00%,72.30%,50.90%,78.80%,7.2,2.4
140,Stefan Edberg,268.5,61.50%,73.10%,51.80%,82.60%,3.2,3.7
141,Marc Rosset,268.5,56.40%,78.50%,47.40%,82.00%,9.5,5.3
142,Jan-Lennard Struff,268.4,56.50%,76.00%,49.60%,80.90%,9.2,3.8
143,Pierre-Hugues Herbert,268.3,58.80%,73.90%,50.20%,80.90%,8.8,4.3
144,Adam Walton,268.2,62.30%,71.10%,51.20%,79.70%,6.2,2.3
145,Frank Dancevic,268.1,60.20%,72.70%,50.50%,78.60%,8.5,2.4
146,Benjamin Bonzi,268,61.60%,71.30%,51.50%,79.70%,6.3,2.4
147,Dustin Brown,267.9,60.70%,73.60%,49.00%,80.50%,8.8,4.7
148,Cameron Norrie,267.9,65.10%,70.40%,50.50%,79.70%,4.9,2.7
149,Tommy Paul,267.9,61.20%,71.10%,52.70%,80.00%,5.2,2.3
150,Jeremy Chardy,267.8,60.30%,73.90%,49.40%,80.40%,8,4.2
151,Luis Horna,267.8,67.40%,69.50%,49.90%,79.00%,4.7,2.7
152,Maximilian Marterer,267.8,63.50%,69.20%,52.70%,78.20%,6.5,2.3
153,Jordan Thompson,267.8,61.50%,71.50%,51.00%,78.90%,6.8,1.9
154,Pablo Carreno Busta,267.7,65.10%,69.30%,52.30%,78.80%,4.1,1.9
155,Thiemo de Bakker,267.7,59.80%,72.60%,50.00%,79.00%,8.1,1.8
156,Christopher O'Connell,267.7,61.40%,72.00%,49.50%,79.70%,7.1,2
157,Nuno Borges,267.6,64.70%,70.20%,51.20%,78.60%,5.6,2.7
158,Kyle Edmund,267.6,59.70%,72.70%,51.50%,80.50%,5.9,2.7
159,Jacco Eltingh,267.5,62.10%,73.40%,48.50%,79.80%,7.6,3.9
160,Gregory Carraz,267.4,59.90%,75.80%,46.60%,80.80%,10.9,6.6
161,Tomas Machac,267.3,61.90%,70.60%,52.00%,79.90%,5.8,2.9
162,Tennys Sandgren,267.3,60.90%,73.10%,48.40%,79.00%,8.6,2.7
163,Horacio Zeballos,267.1,62.30%,70.80%,51.30%,79.40%,5.8,2.5
164,Mattia Bellucci,267,60.10%,72.30%,50.90%,79.30%,7.8,3.4
165,Lorenzo Musetti,267,64.60%,69.70%,52.30%,78.90%,3.6,2.1
166,Igor Andreev,266.9,62.40%,70.40%,52.30%,79.50%,4.9,2.6
167,Jim Grabb,266.8,65.80%,72.30%,46.30%,79.50%,6.4,3.5
168,Alexander Bublik,266.4,58.90%,76.90%,44.90%,80.20%,12.2,6.7
169,Tim Henman,266.4,57.70%,74.40%,50.70%,81.20%,6,3.6
170,Ivan Navarro,266.4,61.00%,72.90%,49.00%,79.80%,6.9,3.2
171,Janko Tipsarevic,266.4,56.40%,73.60%,51.90%,80.10%,6.9,2.5
172,Jamie Morgan,266.3,57.40%,75.40%,49.00%,79.60%,9,4.1
173,Bryan Shelton,266.2,58.10%,74.90%,49.00%,80.90%,8.6,5.3
174,Antony Dupuis,266.1,59.20%,72.10%,51.10%,79.10%,7.3,2.7
175,Thomas Johansson,266.1,53.30%,76.10%,50.70%,80.60%,8.3,2.9
176,Potito Starace,266.1,72.40%,65.50%,51.00%,76.10%,2.5,1.4
177,Egor Gerasimov,266,64.40%,71.60%,47.80%,78.20%,7.5,3.5
178,Fabian Marozsan,266,64.20%,70.20%,50.70%,78.50%,4.8,2.4
179,Yasutaka Uchiyama,266,61.10%,72.30%,49.70%,78.00%,7.3,2.4
180,Pablo Cuevas,265.8,60.80%,71.40%,51.80%,78.80%,5.8,2.8
181,Yannick Hanfmann,265.8,65.80%,68.30%,51.30%,77.60%,4.6,1.8
182,Dick Norman,265.8,59.90%,73.80%,48.10%,79.90%,10,5.9
183,Tommy Robredo,265.8,64.80%,69.40%,51.80%,78.40%,3.7,2.3
184,Chuck Adams,265.7,64.30%,69.40%,51.40%,78.70%,4.3,2.4
185,Michiel Schapers,265.7,67.20%,69.80%,49.20%,78.90%,3.9,3.3
186,Yunchaokete Bu,265.7,56.80%,73.20%,50.70%,80.10%,6.8,1.9
187,Albert Costa,265.6,66.80%,67.60%,52.20%,77.60%,3.5,2.1
188,Oscar Otte,265.6,57.20%,75.50%,48.70%,80.00%,8.5,4.3
189,Ruben Bemelmans,265.5,64.20%,69.60%,50.20%,78.30%,6.3,3.1
190,Alejandro Tabilo,265.5,63.40%,71.40%,48.50%,78.50%,6.5,2.8
191,Austin Krajicek,265.4,61.20%,72.50%,49.10%,78.20%,8.1,3.7
192,Rajeev Ram,265.4,60.60%,72.90%,48.60%,78.60%,7.6,2.9
193,Jan Siemerink,265.4,56.30%,74.90%,50.70%,81.50%,6.7,4.7
194,MaliVai Washington,265.4,59.10%,72.10%,51.70%,80.20%,5.4,3.1
195,Francisco Comesana,265.3,61.20%,73.20%,47.70%,78.50%,8.3,3.6
196,Jesper de Jong,265.3,57.90%,72.30%,51.70%,79.20%,7.5,3.3
197,Kei Nishikori,265.3,61.70%,70.20%,53.20%,79.60%,3.2,2.6
198,Miomir Kecmanovic,265.1,61.30%,70.20%,52.90%,78.60%,4.2,2.1
199,Arvind Parmar,265.1,61.20%,72.20%,49.80%,78.00%,6.9,3
200,Sergiy Stakhovsky,265.1,61.90%,71.40%,49.50%,78.40%,6.6,2.7
201,Nicolas Thomann,265.1,55.90%,75.30%,51.20%,79.10%,7.1,3.5
202,Marcos Giron,265,60.70%,71.40%,50.70%,78.70%,5.2,1.7
203,Daniel Nestor,265,59.40%,75.20%,47.20%,80.50%,8.5,5.8
204,Emil Ruusuvuori,265,64.80%,69.90%,51.10%,77.70%,4.6,3.1
205,Benjamin Becker,264.9,56.60%,74.50%,49.70%,79.30%,7.7,2.9
206,Alexandr Dolgopolov,264.7,54.60%,74.60%,51.30%,79.40%,7.6,2.8
207,Ernesto Escobedo,264.7,57.50%,71.50%,53.20%,78.70%,6.9,3.1
208,Raemon Sluiter,264.7,58.70%,72.80%,50.70%,78.70%,7.2,3.4
209,James Duckworth,264.6,56.70%,72.30%,51.00%,79.20%,8.4,3
210,Thomas Muster,264.6,61.70%,69.10%,53.70%,79.50%,3,2.4
211,Guido Pella,264.6,65.50%,68.20%,51.50%,77.00%,4.9,2.5
212,Neil Borwick,264.5,64.60%,69.60%,49.70%,77.60%,5.6,2.6
213,James Blake,264.4,57.90%,72.60%,51.10%,79.70%,5.9,2.8
214,Robby Ginepri,264.4,62.40%,69.20%,51.70%,77.70%,5.7,2.3
215,Carlos Moya,264.4,58.60%,71.80%,51.60%,79.80%,5.2,2.6
216,Juncheng Shang,264.4,62.50%,69.60%,52.00%,78.70%,4.2,2.6
217,Nikolay Davydenko,264.3,66.90%,68.20%,51.20%,77.40%,3.2,2.6
218,John McEnroe,264.3,56.60%,75.30%,49.80%,81.10%,5.5,4
219,Marc-Kevin Goellner,264.2,51.90%,78.60%,48.00%,79.70%,10.7,4.7
220,Ryan Harrison,264.2,59.50%,71.80%,50.40%,78.80%,7.1,3.4
221,David Wheaton,264.2,60.00%,73.60%,47.90%,79.30%,7.9,4.5
222,Alex de Minaur,264.1,58.00%,71.30%,53.60%,80.00%,3.8,2.6
223,Mariano Puerta,264.1,65.10%,68.70%,51.50%,77.30%,3.5,2
224,Paradorn Srichaphan,264.1,56.80%,73.30%,51.60%,79.50%,6.3,3.4
225,Kamil Majchrzak,264,60.50%,71.30%,50.70%,78.20%,5.8,2.5
226,Wayne Ferreira,263.9,55.40%,74.40%,50.20%,79.70%,7.2,3
227,Zizou Bergs,263.8,60.60%,71.40%,50.70%,78.50%,6.5,3.9
228,Jakob Hlasek,263.8,59.30%,74.00%,48.60%,79.40%,6,3.5
229,Dusan Lajovic,263.7,66.60%,67.50%,51.20%,76.50%,3.6,1.7
230,Gianluca Mager,263.7,60.60%,71.30%,50.10%,78.20%,6.7,3.2
231,Cyril Saulnier,263.7,56.10%,73.30%,51.30%,79.00%,7.1,3.1
232,Gary Muller,263.6,57.60%,74.40%,47.70%,78.80%,9.2,4.1
233,Xavier Malisse,263.6,56.80%,73.10%,50.90%,78.20%,6.8,2.2
234,Igor Sijsling,263.6,58.90%,73.20%,48.70%,78.10%,7.2,2.5
235,Luciano Darderi,263.5,58.70%,71.20%,51.80%,78.80%,5.7,2.7
236,Richard Fromberg,263.5,58.80%,74.10%,47.60%,78.30%,8.4,3.7
237,Robert Kendrick,263.4,58.40%,74.00%,47.40%,78.30%,9.6,4.3
238,Karel Novacek,263.4,56.90%,73.40%,50.00%,79.20%,6.2,2.3
239,Michael Berrer,263.3,64.10%,70.90%,48.40%,77.60%,5.7,3.4
240,Marcos Baghdatis,263.3,53.10%,74.80%,51.50%,79.90%,7.3,3.3
241,Brian Dabul,263.3,68.00%,67.80%,50.30%,76.60%,2.3,1.7
242,Ivan Dodig,263.3,58.70%,72.50%,49.40%,77.70%,8.2,3.2
243,Brian MacPhie,263.2,56.60%,74.10%,48.90%,79.30%,8.4,4.1
244,Marcelo Rios,263.2,57.60%,71.30%,53.00%,79.50%,4.6,2.8
245,Ramkumar Ramanathan,263.2,58.60%,74.20%,47.30%,79.50%,7.9,4.3
246,Gilles Elseneer,263.1,61.50%,72.20%,48.20%,78.30%,7,4.1
247,Lleyton Hewitt,263.1,53.90%,73.70%,52.60%,80.20%,6.3,3.6
248,Dmitry Tursunov,263.1,57.30%,72.70%,50.40%,79.20%,7.4,3.9
249,Lucas Pouille,262.9,55.90%,73.10%,50.50%,79.60%,7.6,3.8
250,Martin Damm,262.8,55.70%,75.00%,48.90%,78.60%,8.2,3.6
251,Laslo Djere,262.8,60.70%,70.90%,50.50%,78.40%,5.6,3.3
252,Edouard Roger-Vasselin,262.8,64.80%,69.20%,49.60%,77.30%,4.3,2.4
253,Viktor Troicki,262.8,60.80%,72.40%,47.40%,76.90%,7.8,2.5
254,Thiago Seyboth Wild,262.7,61.80%,69.70%,50.50%,78.20%,5.5,3
255,Aljaz Bedene,262.6,56.50%,74.10%,48.80%,77.80%,8.4,3
256,Taylor Dent,262.6,57.10%,75.20%,49.00%,79.60%,7.5,5.8
257,Thomas Enqvist,262.6,54.90%,75.60%,49.40%,79.70%,7.7,4.7
258,Andrei Pavel,262.6,64.60%,68.90%,49.60%,76.70%,4.9,2.1
259,Mackenzie McDonald,262.5,64.30%,68.60%,50.50%,76.60%,5.1,2.6
260,Sebastien Grosjean,262.4,55.70%,72.00%,52.20%,78.60%,5.6,1.7
261,Scott Draper,262.2,56.30%,72.50%,51.30%,78.20%,6.8,2.9
262,Sebastian Ofner,262,56.10%,73.60%,49.50%,78.10%,7.8,3.1
263,Agustin Calleri,261.9,55.30%,74.40%,49.80%,78.80%,7,3.4
264,Robin Haase,261.9,59.40%,71.70%,49.40%,77.70%,6.5,2.8
265,Ilya Ivashka,261.9,61.60%,71.20%,49.10%,77.50%,5.6,3.1
266,Jurgen Melzer,261.9,61.40%,69.80%,50.60%,77.60%,5.4,2.9
267,Jiri Novak,261.8,65.10%,68.40%,50.00%,76.50%,4,2.2
268,Nicolas Pereira,261.8,61.40%,73.10%,46.10%,78.10%,6.4,3.3
269,Max Purcell,261.8,58.80%,71.90%,48.90%,76.60%,8,2.4
270,Philipp Petzschner,261.7,55.40%,74.00%,49.80%,78.40%,7.2,3.1
271,Lukas Rosol,261.7,58.20%,72.20%,49.60%,78.50%,6.6,3.4
272,Brett Steven,261.7,65.10%,68.60%,50.20%,77.30%,3.6,3.1
273,Fernon Wibier,261.7,66.30%,70.50%,46.60%,77.40%,6.2,5.3
274,David Ferrer,261.6,63.00%,68.60%,52.40%,77.50%,2.7,2.6
275,Julien Benneteau,261.5,64.30%,69.40%,48.80%,76.40%,5.9,3.3
276,Santiago Giraldo,261.5,63.60%,68.20%,50.80%,76.70%,3.7,1.5
277,Kristian Pless,261.4,60.90%,70.00%,50.80%,77.10%,6.2,3.6
278,Cedric Pioline,261.3,57.20%,73.50%,49.40%,79.10%,5.8,3.7
279,Alex Bogdanovic,261.2,64.40%,70.00%,48.20%,76.20%,5.6,3.2
280,John Millman,261.2,62.00%,68.10%,52.70%,76.30%,4,1.9
281,Michael Chang,261.1,55.80%,71.50%,52.50%,78.90%,4.3,1.9
282,Hyeon Chung,261,62.30%,70.30%,50.40%,77.20%,3.6,2.8
283,Pavel Kotov,261,65.10%,69.30%,48.20%,77.40%,3.7,2.7
284,Jason Kubler,261,62.20%,69.90%,49.10%,77.40%,6.1,3.7
285,Emilio Sanchez,261,64.70%,67.80%,50.60%,75.70%,3.5,1.3
286,Mischa Zverev,261,64.40%,69.20%,48.80%,75.80%,5,2.2
287,Daniele Bracciali,260.9,52.90%,74.10%,50.50%,78.90%,7.5,3
288,Filip Krajinovic,260.9,63.90%,68.00%,50.80%,75.60%,4.6,2
289,Ethan Quinn,260.9,61.60%,69.80%,49.40%,76.90%,6.4,3.2
290,Marc Gicquel,260.8,57.00%,72.40%,49.80%,77.90%,6,2.3
291,Magnus Norman,260.8,57.80%,71.80%,50.00%,77.50%,6.3,2.6
292,Alex Bolt,260.7,60.50%,70.00%,50.30%,75.60%,7.2,2.9
293,Gregoire Barrere,260.7,62.40%,69.00%,50.70%,76.00%,5.1,2.5
294,Daniel Altmaier,260.6,61.80%,70.30%,47.90%,76.70%,6.5,2.6
295,Jarkko Nieminen,260.5,65.40%,67.60%,50.30%,76.20%,3.1,2.1
296,Alex O'Brien,260.5,63.50%,69.20%,49.80%,76.00%,4.6,2.6
297,Daniel Vacek,260.5,57.80%,74.00%,48.50%,78.30%,6.9,5
298,Lukas Lacko,260.4,58.80%,71.20%,50.20%,76.50%,6.3,2.6
299,Sebastian Baez,260.3,72.00%,63.70%,51.60%,73.00%,1.9,1.9
300,Francesco Passaro,260.3,63.40%,69.00%,50.80%,75.60%,4.7,3.2
301,Mikhail Youzhny,260.3,60.70%,69.50%,51.30%,77.40%,4,2.6
302,Jerome Golmard,260.2,59.00%,71.00%,50.40%,78.10%,5.5,3.8
303,Konstantin Kravchuk,260.2,62.00%,71.90%,46.60%,75.10%,7.5,2.9
304,Michael Tebbutt,260.2,52.80%,78.00%,45.90%,78.80%,11.2,6.5
305,Nicolas Escude,260.1,56.30%,72.70%,50.20%,77.80%,6.6,3.5
306,Aslan Karatsev,260.1,59.70%,71.30%,50.40%,78.10%,5,4.4
307,Jurij Rodionov,260.1,60.50%,70.10%,49.40%,77.30%,5.7,2.9
308,Chris Woodruff,260.1,60.30%,71.90%,48.20%,78.00%,6,4.3
309,Daniel Evans,260,60.20%,70.50%,50.90%,77.20%,4.3,3.1
310,Yevgeny Kafelnikov,260,55.60%,73.30%,50.60%,79.00%,5.6,4.1
311,Hyung-Taik Lee,260,63.10%,67.90%,52.00%,75.70%,3.4,2.1
312,Jeff Salzenstein,260,61.00%,73.20%,45.30%,76.50%,8.3,4.3
313,James Ward,260,60.40%,70.60%,48.80%,76.50%,7,3.3
314,Matteo Arnaldi,259.9,56.80%,70.60%,51.10%,78.20%,6.5,3.3
315,Darren Cahill,259.9,59.80%,71.00%,49.50%,78.80%,3.7,2.9
316,Alejandro Davidovich Fokina,259.9,66.70%,66.20%,51.30%,75.10%,3.1,2.5
317,Bradley Klahn,259.9,61.10%,70.20%,49.40%,75.90%,7.9,4.6
318,Soonwoo Kwon,259.9,60.40%,69.90%,50.70%,77.20%,5.1,3.4
319,Juan Monaco,259.9,67.80%,65.20%,52.50%,74.10%,2.2,1.9
320,Grant Connell,259.8,58.40%,71.50%,49.30%,78.60%,5.2,3.2
321,Andrei Olhovskiy,259.6,56.30%,74.70%,47.60%,77.70%,7.6,4.3
322,J.J. Wolf,259.6,57.70%,72.30%,49.40%,76.50%,6.9,3.2
323,Jenson Brooksby,259.5,63.60%,67.40%,51.50%,75.80%,2.9,1.7
324,Adrian Mannarino,259.3,60.10%,69.60%,51.00%,76.40%,4.7,2.5
325,Glenn Weiner,259.3,57.30%,74.40%,47.20%,76.90%,8.5,5
326,Prakash Amritraj,259.2,59.80%,69.60%,51.70%,76.40%,4.2,2.5
327,Yibing Wu,259.2,61.70%,67.70%,51.30%,76.50%,4.3,2.3
328,Thomaz Bellucci,259.1,58.10%,70.40%,51.10%,76.70%,6,3.2
329,Marco Cecchinato,259.1,65.80%,67.70%,49.10%,74.80%,4.3,2.6
330,Jeff Morrison,259.1,57.70%,72.70%,47.60%,77.20%,7.9,4
331,Florian Mayer,259.1,61.80%,69.00%,50.10%,75.80%,4.2,1.8
332,Chris Pridham,259.1,58.80%,69.80%,51.20%,79.20%,3.3,3.2
333,Mirza Basic,259,58.30%,69.30%,51.60%,76.50%,5.3,2
334,Paul Haarhuis,259,60.00%,69.70%,50.40%,76.70%,4.5,2.3
335,Botic van de Zandschulp,259,62.40%,71.20%,47.00%,76.60%,5.8,4
336,Jan Apell,258.9,61.60%,69.80%,49.30%,76.30%,4.7,2.8
337,Guillermo Canas,258.8,57.80%,71.10%,51.00%,76.90%,4.9,2.9
338,Marsel Ilhan,258.6,61.80%,69.40%,48.40%,74.90%,6.1,2
339,Mitchell Krueger,258.5,62.50%,68.20%,50.40%,75.10%,4.9,2.6
340,Peter Luczak,258.5,62.30%,68.30%,49.80%,75.50%,5.3,2.7
341,Amos Mansdorf,258.5,57.50%,69.80%,52.00%,77.70%,3.8,2.3
342,Alex Molcan,258.5,65.10%,66.40%,51.50%,74.70%,3.4,2.6
343,David Nalbandian,258.5,59.10%,69.40%,52.30%,77.30%,3.7,3.3
344,Paul-Henri Mathieu,258.4,55.00%,71.80%,51.60%,78.20%,4.9,3.1
345,Noam Okun,258.4,61.00%,68.60%,51.00%,75.80%,5.3,3.3
346,Stephane Simian,258.4,62.60%,71.10%,47.00%,77.00%,5,4.3
347,Julien Boutter,258.3,55.40%,73.70%,48.60%,77.70%,9.7,6.8
348,Magnus Gustafsson,258.3,65.00%,68.20%,49.50%,76.20%,2.9,3.5
349,Juan Ignacio Londero,258.3,61.30%,67.70%,53.30%,75.20%,3.7,2.9
350,Michael Mmoh,258.3,66.00%,68.70%,46.60%,74.80%,6.1,3.9
351,Kristof Vliegen,258.3,61.30%,69.20%,49.80%,74.50%,5.7,2.2
352,Andreas Beck,258.2,59.20%,69.30%,52.00%,77.50%,4.5,4.3
353,Alex Calatrava,258.2,59.00%,70.90%,48.70%,75.50%,6.2,2.1
354,Derrick Rostagno,258.2,61.20%,70.80%,47.50%,76.60%,5.6,3.5
355,Joao Souza,258.2,62.60%,69.80%,48.60%,74.20%,5.3,2.3
356,Evgeny Donskoy,258.1,58.40%,70.00%,50.30%,76.80%,5,2.4
357,Albert Ramos-Vinolas,258.1,62.40%,67.50%,51.40%,75.90%,3.3,2.4
358,Matthias Bachinger,258,59.30%,71.70%,47.00%,75.90%,6.9,2.8
359,Yen-Hsun Lu,258,60.60%,70.20%,50.30%,76.00%,4.3,3.4
360,Lars Rehmann,258,63.70%,72.10%,43.80%,77.20%,5.1,3.9
361,Grega Zemlja,258,58.90%,70.90%,48.40%,75.50%,7.4,3.1
362,Marco Chiudinelli,257.9,59.80%,69.90%,50.20%,76.70%,4.2,2.9
363,Steve Darcis,257.9,60.70%,69.20%,50.40%,75.70%,4,2.1
364,Sjeng Schalken,257.9,62.40%,69.00%,49.80%,76.40%,3.8,3.5
365,Bobby Reynolds,257.8,58.80%,70.30%,48.70%,74.80%,8.8,3.6
366,Marton Fucsovics,257.7,58.70%,70.30%,50.80%,77.00%,4.4,3.5
367,Nicolas Kiefer,257.7,52.70%,74.70%,49.40%,77.90%,6.8,3.8
368,Victor Estrella Burgos,257.6,64.80%,67.10%,50.20%,74.40%,3.6,2.5
369,Jason Stoltenberg,257.6,57.00%,73.00%,48.50%,77.20%,5.5,3.6
370,Guillaume Raoux,257.5,53.30%,72.70%,51.50%,78.10%,4.9,3
371,Francisco Cerundolo,257.4,63.60%,67.40%,50.50%,76.00%,3.1,3.2
372,Cristian Garin,257.3,61.50%,69.30%,49.70%,75.80%,4.1,3.1
373,Alexander Mronz,257.3,54.90%,73.90%,48.90%,76.90%,6,3.3
374,Jose Acasuso,257.2,54.20%,72.30%,50.60%,77.50%,5.3,2.7
375,Kevin Curren,257.2,49.80%,76.00%,49.60%,77.90%,7.6,3.7
376,German Lopez,257.2,52.40%,73.90%,49.00%,77.40%,6.9,2.4
377,Jurgen Zopp,257.2,60.00%,69.80%,48.80%,76.50%,4.9,2.8
378,David Goffin,257.1,58.10%,71.00%,50.00%,76.20%,5.2,3.4
379,Luiz Mattar,257.1,57.80%,69.30%,51.00%,75.70%,5.4,2.1
380,Michal Przysiezny,257.1,58.30%,71.40%,48.00%,75.60%,7.4,3.6
381,Flavio Cobolli,257,55.40%,70.40%,51.60%,77.80%,5.1,3.3
382,Alex Corretja,257,57.40%,69.50%,52.00%,76.60%,3.8,2.3
383,Sergi Bruguera,256.9,59.00%,69.60%,50.60%,75.80%,3.8,1.9
384,Andreas Seppi,256.9,58.20%,70.40%,50.10%,76.10%,4.9,2.8
385,Eduardo Schwank,256.9,62.60%,67.40%,51.30%,74.80%,3.9,3.1
386,Federico Delbonis,256.8,61.30%,68.80%,50.60%,75.90%,3.6,3.4
387,Fredrik Jonsson,256.8,59.00%,69.30%,48.80%,75.90%,5.7,1.9
388,Arnaud Boetsch,256.7,56.90%,71.20%,50.40%,77.30%,4.1,3.2
389,Tommy Ho,256.7,59.90%,69.20%,50.20%,76.10%,4.2,2.9
390,Yoshihito Nishioka,256.7,64.70%,64.60%,53.50%,73.60%,2,1.7
391,Alberto Mancini,256.6,63.40%,66.90%,51.20%,74.40%,2.8,2.1
392,Richey Reneberg,256.6,55.90%,71.20%,50.90%,76.60%,4.6,2.6
393,Karsten Braasch,256.5,55.20%,74.40%,45.70%,77.00%,6.9,2.7
394,Pedro Cachin,256.5,63.00%,69.00%,47.20%,74.20%,5.4,2.3
395,Jared Donaldson,256.5,52.20%,73.70%,51.10%,77.40%,6.1,4
396,Luca Van Assche,256.5,61.50%,68.70%,49.70%,75.40%,4.3,3.1
397,Alberto Berasategui,256.4,73.70%,63.20%,48.80%,71.80%,1.6,2.7
398,Nicolas Lapentti,256.4,60.40%,70.30%,48.30%,75.30%,4.8,2.7
399,Andreas Vinciguerra,256.4,59.10%,69.60%,49.60%,76.40%,4.5,2.8
400,Andrey Kuznetsov,256.3,57.80%,71.10%,49.50%,75.70%,5.2,3
401,Jared Palmer,256.3,60.60%,69.60%,49.40%,76.70%,4.1,4.1
402,Denis Kudla,256.2,58.20%,69.70%,50.60%,75.30%,5.8,3.4
403,Joern Renzenbrink,256.1,59.40%,73.70%,44.30%,77.00%,7.6,5.9
404,Gilles Simon,256.1,57.40%,69.30%,51.40%,76.00%,4.3,2.3
405,Andrei Medvedev,256,57.40%,71.50%,48.70%,76.30%,5.6,3.5
406,Julian Reister,256,69.90%,65.60%,47.50%,72.40%,3.4,2.8
407,Laurence Tieleman,256,52.50%,75.10%,48.60%,77.70%,7.4,5.3
408,Daniel Elahi Galan,255.9,62.50%,68.20%,48.00%,73.80%,5.1,1.7
409,Petr Korda,255.9,58.70%,71.70%,48.40%,77.60%,4.3,4.8
410,Felix Mantilla,255.7,62.20%,67.00%,51.30%,74.60%,2.9,2.3
411,Sandon Stolle,255.7,58.00%,74.10%,45.50%,76.70%,6.8,5.4
412,Ricardas Berankis,255.6,57.20%,70.20%,50.90%,76.50%,4.3,3.5
413,Pat Cash,255.6,58.10%,71.70%,47.60%,76.20%,6,4
414,Alexandre Muller,255.6,65.30%,66.30%,49.40%,73.10%,3.7,2.2
415,Mark Woodforde,255.6,57.50%,71.10%,49.20%,76.70%,4.7,3.6
416,Arnaud Clement,255.5,56.80%,70.50%,50.00%,75.90%,5.1,2.8
417,Facundo Diaz Acosta,255.5,63.20%,67.20%,50.70%,74.90%,3.1,3.6
418,Peter Gojowczyk,255.5,54.40%,73.70%,48.10%,76.30%,6.9,3.9
419,Brian Baker,255.4,62.20%,69.10%,48.50%,75.00%,4.9,4.3
420,Jacob Fearnley,255.4,60.90%,70.60%,48.10%,75.70%,5.8,5.7
421,Todd Reid,255.4,70.10%,64.20%,48.00%,71.60%,3.4,1.9
422,Guillermo Coria,255.3,63.00%,67.90%,50.10%,75.10%,2.9,3.7
423,Joao Sousa,255.3,60.80%,69.40%,49.00%,74.70%,3.6,2.2
424,Marcel Granollers,255.2,61.20%,68.70%,49.40%,74.10%,4.1,2.3
425,Nicklas Kulti,255.1,56.60%,72.10%,48.40%,76.10%,5.2,3.3
426,Filip Misolic,255,61.60%,69.10%,48.00%,74.50%,4.5,2.7
427,Norbert Gombos,254.9,61.50%,70.20%,46.70%,75.10%,5.3,3.9
428,Florent Serra,254.9,61.30%,67.40%,50.00%,74.40%,3.8,2
429,Dominik Hrbaty,254.8,56.70%,71.30%,49.80%,76.00%,5.1,4.1
430,Alex Kuznetsov,254.8,59.40%,71.20%,47.00%,72.60%,7.3,2.7
431,Nicolas Massu,254.8,58.90%,69.20%,49.90%,75.30%,4.4,2.9
432,Jaume Munar,254.8,64.50%,68.20%,47.80%,73.90%,3.6,3.2
433,Simon Youl,254.8,60.10%,70.50%,48.20%,75.00%,4.3,3.3
434,Justin Gimelstob,254.7,57.60%,72.40%,46.50%,75.90%,6.7,4.4
435,Aaron Krickstein,254.7,58.60%,68.60%,50.70%,74.80%,4.3,2.3
436,Dominik Koepfer,254.7,62.40%,67.60%,49.80%,74.20%,4.3,3.6
437,Emilio Nava,254.6,62.00%,70.60%,44.80%,74.00%,7.4,4.2
438,Javier Sanchez,254.6,65.60%,66.90%,48.50%,73.60%,2.5,2.5
439,Hugo Armando,254.5,61.20%,67.10%,50.50%,75.30%,2.9,2.5
440,Jason Jung,254.5,65.40%,65.20%,50.20%,73.00%,3.3,2.6
441,Alexander Popp,254.5,62.50%,69.60%,47.90%,74.90%,4.5,4.9
442,Dennis Novak,254.4,63.80%,67.30%,48.80%,72.50%,4.8,2.8
443,Ivo Minar,254.4,58.70%,68.80%,50.00%,74.00%,5.3,2.4
444,Wayne Odesnik,254.3,61.90%,66.80%,50.30%,72.90%,5.2,2.8
445,Gerald Melzer,254.1,63.90%,67.00%,48.90%,72.80%,4.1,2.6
446,Stefano Travaglia,254.1,55.40%,71.90%,48.00%,75.00%,7.2,3.4
447,Brad Gilbert,254,56.30%,72.30%,47.70%,75.90%,5.5,3.7
448,Goran Prpic,254,71.50%,63.80%,48.30%,70.50%,2.4,2.5
449,Facundo Bagnis,253.9,61.80%,66.90%,49.80%,73.70%,4.8,3.1
450,Ramon Delgado,253.9,59.60%,68.50%,48.70%,73.50%,6.6,3
451,Sebastien Lareau,253.7,59.90%,71.30%,45.40%,75.30%,6.4,4.6
452,Albert Montanes,253.7,60.40%,69.00%,49.50%,74.60%,3.4,3.2
453,Byron Black,253.6,60.40%,67.70%,50.50%,74.30%,3.4,2.7
454,Francisco Clavet,253.5,63.60%,65.30%,51.70%,73.30%,1.8,2.2
455,Mikhail Kukushkin,253.5,61.00%,66.10%,51.20%,73.60%,3.2,1.6
456,Guillermo Perez-Roldan,253.5,68.20%,63.40%,50.20%,71.70%,1.3,1.3
457,Christian Saceanu,253.5,62.30%,71.10%,45.30%,75.20%,4.6,5
458,Thierry Ascione,253.4,64.80%,66.30%,49.00%,72.40%,3.6,2.7
459,Christian Bergstrom,253.4,65.20%,64.80%,49.80%,73.00%,2.7,2.1
460,Jonas Bjorkman,253.3,57.50%,70.40%,49.20%,75.40%,4.2,3.4
461,George Bastl,253.3,64.90%,67.00%,46.90%,72.10%,5.4,3
462,Vladimir Voltchkov,253.3,58.20%,70.60%,48.10%,74.60%,6.2,4.4
463,Alex Bogomolov Jr.,253.2,68.90%,64.80%,48.30%,71.90%,2.2,2.9
464,Rik De Voest,253.2,60.40%,68.20%,48.60%,73.90%,4,1.9
465,Roko Karanusic,253.2,61.20%,67.30%,50.10%,72.00%,4.2,1.6
466,Corentin Moutet,253.2,65.80%,65.50%,49.50%,72.80%,2.6,3
467,Omar Camporese,253.1,51.00%,73.50%,49.30%,76.20%,5.7,2.6
468,Roberto Carballes Baena,253.1,62.90%,66.80%,50.10%,73.40%,2.7,2.8
469,Jonas Svensson,253.1,64.60%,66.00%,48.70%,72.90%,2.9,2
470,Patrik Kuhnen,253,55.40%,73.60%,45.90%,75.80%,6.5,4.2
471,Learner Tien,253,61.60%,67.60%,49.20%,74.50%,4.2,4.1
472,Lukasz Kubot,252.9,62.20%,68.70%,47.60%,74.00%,5,4.6
473,Juan Pablo Varillas,252.9,57.30%,67.60%,51.10%,74.30%,4.1,1.5
474,Mariano Zabaleta,252.9,57.50%,69.40%,50.10%,75.20%,4.1,3.4
475,Daniel Gimeno-Traver,252.8,59.00%,69.40%,48.70%,74.10%,4.5,2.9
476,Gilbert Schaller,252.8,75.70%,60.80%,48.50%,67.70%,1.2,1.1
477,Juan Ignacio Chela,252.7,60.40%,67.90%,50.30%,73.90%,3.1,2.9
478,Jens Knippschild,252.7,51.10%,74.20%,48.70%,75.30%,7.1,3.7
479,Hicham Arazi,252.6,57.20%,68.70%,50.40%,74.40%,4,2.1
480,Leander Paes,252.6,60.00%,69.80%,47.70%,75.20%,3.7,3.8
481,Rainer Schuettler,252.6,59.00%,68.30%,51.00%,74.10%,3.3,3.1
482,David Engel,252.5,65.40%,65.10%,49.20%,72.00%,2.9,2.1
483,Yuichi Sugita,252.5,60.80%,68.00%,48.80%,73.80%,3.6,2.5
484,Tim Smyczek,252.5,61.50%,66.40%,50.30%,72.50%,4.5,2.7
485,Kenny Thorne,252.5,62.80%,69.00%,46.20%,73.70%,4.3,3.5
486,Henrik Holm,252.4,51.10%,77.60%,45.10%,77.20%,8.6,7.2
487,Gaston Etlis,252.3,57.30%,69.70%,49.20%,74.30%,5.1,3.3
488,Henri Leconte,252.3,49.90%,74.00%,49.80%,77.10%,6.1,4.6
489,Bjorn Fratangelo,252.2,57.00%,68.30%,51.10%,74.30%,4.9,3.4
490,Jan Hernych,252.2,65.70%,64.50%,49.50%,71.60%,3,2.1
491,Lorenzo Manta,252.2,51.00%,76.10%,46.30%,76.00%,9.6,6.8
492,Taro Daniel,252.1,62.10%,67.10%,49.00%,72.50%,3.9,2.5
493,Matthew Ebden,252.1,60.90%,70.80%,45.60%,73.70%,5.8,4.7
494,Martin Klizan,252.1,58.10%,68.90%,49.40%,74.70%,4.7,3.7
495,Evgeny Korolev,252,58.40%,70.70%,47.50%,74.00%,4.9,3.5
496,Olivier Rochus,252,61.30%,66.30%,51.50%,73.80%,1.7,2.6
497,Brian Vahaly,252,64.50%,64.20%,51.40%,72.50%,2.7,3.3
498,Hendrik Jan Davids,251.9,58.90%,69.50%,47.70%,74.30%,3.9,2.4
499,Illya Marchenko,251.9,57.90%,70.60%,47.80%,74.90%,4.8,4.1
500,Sargis Sargsian,251.9,60.50%,68.20%,48.80%,73.50%,4.1,3.2
501,Jeff Tarango,251.9,61.40%,67.80%,48.70%,73.90%,4,3.9
502,Patrick Baur,251.8,56.50%,69.90%,49.70%,74.80%,4.2,3.3
503,Andres Gomez,251.7,56.10%,71.30%,47.30%,74.80%,5.7,3.5
504,Andrey Golubev,251.7,58.80%,68.20%,49.80%,74.00%,4.2,3.3
505,Michael Kohlmann,251.6,60.40%,69.20%,46.50%,73.30%,5.3,3.1
506,Paolo Lorenzi,251.6,58.60%,68.90%,49.20%,73.70%,3.9,2.7
507,Jozef Kovalik,251.5,61.40%,66.50%,49.70%,73.30%,3.4,2.8
508,Nicolas Kicker,251.5,62.70%,65.50%,50.90%,72.80%,2.2,2.6
509,Radu Albot,251.4,64.10%,65.80%,49.40%,72.50%,2.7,3.1
510,Thierry Champion,251.4,72.00%,61.30%,49.80%,67.80%,1.7,1.2
511,Gaston Gaudio,251.4,62.00%,66.90%,49.90%,72.90%,2.8,3.1
512,Carl-Uwe Steeb,251.4,59.30%,66.70%,50.60%,73.70%,2.8,1.7
513,Somdev Devvarman,251.3,60.30%,66.80%,49.50%,72.60%,3.8,1.7
514,Olivier Patience,251.3,62.80%,65.70%,48.90%,72.50%,4.3,2.9
515,Anders Jarryd,251.1,54.40%,71.90%,49.60%,75.30%,3.6,3.7
516,Mikael Tillstrom,251.1,59.10%,68.60%,48.80%,73.80%,4.1,3.3
517,Diego Hartfield,251,65.20%,65.20%,48.10%,71.70%,3.8,3
518,Andreas Haider-Maurer,251,55.80%,71.90%,46.50%,74.80%,7.2,5.2
519,Vincent Spadea,251,57.80%,67.70%,50.80%,73.80%,3.6,2.7
520,Leonardo Lavalle,250.9,63.10%,67.90%,47.50%,71.70%,4.2,3.5
521,Yuri Schukin,250.8,61.30%,66.00%,50.40%,73.20%,2.6,2.7
522,Arne Thoms,250.8,58.00%,72.60%,44.50%,76.10%,5.6,6
523,Guillermo Garcia-Lopez,250.7,58.70%,69.20%,48.90%,74.30%,3.6,4
524,Daniel Koellerer,250.7,69.20%,63.40%,49.20%,69.20%,1.6,1.9
525,David Witt,250.7,51.40%,75.60%,45.40%,75.20%,7.9,4.8
526,Fred Gil,250.6,64.00%,64.80%,49.80%,71.70%,2.4,2.1
527,Alexander Shevchenko,250.6,59.60%,68.00%,48.20%,72.80%,4.8,2.8
528,Alexander Volkov,250.6,52.60%,71.80%,49.20%,75.70%,4.9,3.6
529,Alexander Peya,250.5,61.40%,68.70%,46.70%,73.30%,4.3,3.9
530,David Prinosil,250.3,51.20%,74.70%,46.80%,75.40%,7.2,5
531,Hugo Dellien,250.2,71.80%,62.60%,47.30%,68.30%,2,1.8
532,Ricardo Mello,250.2,63.50%,64.60%,50.90%,71.20%,2.5,2.5
533,Marinko Matosevic,250.2,59.70%,67.80%,48.20%,72.90%,4.5,2.9
534,Guillaume Rufin,250.2,54.50%,69.80%,49.40%,74.10%,7.3,4.9
535,Adrian Voinea,250.2,56.90%,69.00%,49.40%,72.60%,5.5,3.2
536,Jimmy Arias,250.1,69.10%,63.10%,49.30%,69.60%,1.9,2.9
537,Teymuraz Gabashvili,250.1,57.30%,70.00%,48.30%,74.00%,4.5,4
538,Karim Alami,250,56.20%,70.70%,47.80%,73.70%,4.5,2.9
539,Henri Laaksonen,250,57.90%,69.50%,48.00%,72.90%,5.6,3.9
540,Davide Sanguinetti,250,56.20%,70.10%,47.50%,73.20%,5.5,2.5
541,Jan Vacek,249.9,57.60%,69.10%,48.70%,73.20%,4.6,3.3
542,Carlos Berlocq,249.8,64.30%,65.90%,48.20%,70.70%,3.2,2.5
543,Hernan Gumy,249.7,62.20%,67.30%,48.50%,72.50%,2.8,3.6
544,Martin Sinner,249.7,56.20%,71.00%,48.10%,74.70%,4.7,5
545,Martin Vassallo Arguello,249.7,67.60%,63.80%,48.40%,69.80%,2.7,2.6
546,Patrick McEnroe,249.5,60.70%,66.60%,49.10%,73.20%,3,3.1
547,Mariano Navone,249.5,64.80%,64.30%,49.80%,70.50%,2.5,2.4
548,Lionel Roux,249.5,56.60%,68.80%,49.40%,73.90%,3.8,3
549,Nikoloz Basilashvili,249.4,59.00%,68.00%,49.20%,73.40%,4.2,4.4
550,Werner Eschauer,249.4,58.40%,68.20%,48.30%,72.50%,5.1,3.1
551,Marcelo Filippini,249.4,66.20%,63.70%,49.80%,69.90%,1.7,1.9
552,Stefan Koubek,249.4,59.90%,66.10%,50.90%,72.00%,3.6,3.1
553,David Pate,249.4,61.00%,67.50%,47.10%,71.70%,5.4,3.3
554,Mats Wilander,249.4,65.50%,66.30%,46.10%,70.80%,3,2.3
555,Thomas Fabbiano,249.3,65.50%,64.90%,49.20%,70.90%,2,3.2
556,Jesse Levine,249.3,60.10%,67.30%,48.50%,72.90%,5,4.5
557,Jimmy Wang,249.3,61.70%,65.10%,50.10%,71.00%,3.7,2.3
558,Damir Dzumhur,249.2,64.70%,64.60%,49.70%,70.70%,2.3,2.8
559,Jean-Philippe Fleurian,249.2,60.00%,66.80%,49.10%,72.90%,3.2,2.8
560,Renzo Furlan,249.2,59.20%,67.20%,49.50%,72.00%,3.1,1.8
561,Diego Schwartzman,249.2,63.30%,65.30%,49.90%,71.70%,1.9,2.9
562,Mikael Ymer,249.2,67.60%,64.10%,47.90%,70.40%,2.4,3.2
563,Emilio Benfele Alvarez,249.1,59.60%,68.40%,46.40%,73.70%,4.1,3.1
564,Carlos Taberner,249.1,63.00%,67.60%,47.40%,72.20%,2.5,3.6
565,Jordi Arrese,249,72.30%,61.80%,48.00%,68.00%,1,2.1
566,Rinky Hijikata,249,59.20%,68.20%,47.90%,72.70%,3.9,2.9
567,Tomas Nydahl,249,65.70%,67.30%,45.10%,71.60%,3.4,4.1
568,Christian Vinck,249,64.70%,65.00%,48.20%,71.40%,3,3.3
569,Neville Godwin,248.9,54.30%,72.80%,46.80%,75.00%,5.3,5.3
570,Gabriel Markus,248.8,63.80%,64.80%,49.70%,71.40%,1.7,2.6
571,Peter Polansky,248.8,58.10%,68.00%,49.30%,72.20%,4.5,3.3
572,Harel Levy,248.7,58.10%,68.80%,47.50%,72.30%,3.9,1.9
573,Pedro Martinez,248.7,66.60%,64.50%,48.10%,71.30%,1.9,3.7
574,Diego Nargiso,248.7,53.70%,72.90%,46.10%,74.60%,6.3,4.9
575,Fabrice Santoro,248.7,57.60%,67.00%,50.60%,72.80%,3.1,2.4
576,Robbie Weiss,248.6,66.50%,65.70%,46.20%,70.70%,2.4,2.9
577,Andrew Ilie,248.5,54.10%,69.10%,49.70%,74.10%,4.9,3.4
578,Benoit Paire,248.5,51.90%,74.40%,45.20%,73.80%,8.5,5.3
579,Gilad Bloom,248.4,63.40%,65.40%,48.60%,71.30%,2.3,2.6
580,Dudi Sela,248.4,60.20%,66.70%,50.30%,71.90%,2.3,3
581,Filip Dewulf,248.2,55.40%,71.10%,47.50%,74.70%,4,4.5
582,Alessandro Giannessi,248.2,65.30%,64.80%,48.30%,70.50%,3.7,4.4
583,Malek Jaziri,248.2,53.80%,70.50%,48.40%,74.50%,4.1,3.1
584,Bernd Karbacher,248.2,53.90%,70.50%,48.40%,73.00%,5.4,3
585,Liam Broady,248.1,61.10%,65.80%,48.70%,71.40%,3.9,2.8
586,Slava Dosedel,248.1,64.80%,64.40%,48.70%,70.30%,2.6,2.7
587,Michael Russell,248.1,65.80%,64.70%,48.40%,69.90%,2.6,3.3
588,Ronald Agenor,248,64.20%,64.60%,48.20%,69.80%,3.1,1.9
589,Alex Antonitsch,248,55.00%,69.80%,48.60%,73.50%,4.4,3.3
590,Fernando Meligeni,248,56.60%,68.90%,49.10%,73.20%,3.5,3.3
591,Tomas Zib,248,59.10%,67.00%,49.20%,71.10%,3.6,2
592,Tatsuma Ito,247.9,58.30%,67.60%,49.40%,71.80%,4.1,3.3
593,Danilo Marcelino,247.9,57.60%,68.60%,47.90%,73.00%,3.7,2.9
594,Christo Van Rensburg,247.9,58.00%,71.10%,47.30%,74.30%,4,6.8
595,Carlos Costa,247.8,55.50%,69.30%,48.70%,72.70%,4.2,2.6
596,Paolo Cane,247.7,50.90%,70.80%,49.20%,73.70%,5.2,2.1
597,Alejandro Falla,247.7,59.30%,66.70%,49.40%,71.70%,3.3,2.7
598,Donald Young,247.7,59.80%,67.30%,49.00%,72.20%,3.3,3.9
599,Jimmy Connors,247.6,65.10%,62.80%,50.10%,70.30%,1.8,2.5
600,Dennis van Scheppingen,247.6,58.60%,69.60%,47.10%,72.70%,3.7,4.1
601,Markus Hantschk,247.5,57.30%,68.40%,48.50%,71.90%,3.9,2.5
602,Johan Van Herck,247.5,55.50%,69.20%,48.80%,73.40%,4.1,3.5
603,Todd Woodbridge,247.5,59.10%,68.80%,47.30%,73.80%,3,4.5
604,Juan Manuel Cerundolo,247.4,64.10%,64.10%,48.80%,70.50%,2.8,2.9
605,Adrian Garcia,247.4,59.70%,66.70%,50.20%,71.20%,2.6,3
606,Jesse Huta Galung,247.4,54.70%,72.60%,45.20%,71.90%,6.9,3.9
607,Lars Jonsson,247.4,66.00%,62.50%,49.30%,68.30%,2.8,1.5
608,Ryan Sweeting,247.4,63.20%,66.90%,46.70%,71.00%,4.3,4.7
609,Kevin Ullyett,247.4,56.50%,70.30%,47.80%,73.00%,5.3,5.5
610,Hendrik Dreekmann,247.3,50.40%,73.60%,47.60%,75.20%,5.3,4.8
611,Simon Greul,247.3,56.50%,67.80%,49.70%,72.80%,3.8,3.3
612,Luis Herrera,247.3,63.00%,64.70%,49.70%,71.30%,1.5,2.9
613,Karol Kucera,247.3,55.50%,70.80%,47.80%,73.00%,5,4.8
614,Tom Nijssen,247.3,48.40%,72.40%,50.10%,74.70%,5.4,3.7
615,Juan Albert Viloca-Puig,247.3,60.10%,67.60%,47.80%,71.50%,3.1,2.8
616,Paul Capdeville,247.2,60.90%,66.50%,47.90%,70.80%,4.1,3
617,Lukas Dlouhy,247.1,61.90%,68.10%,45.90%,71.10%,5.4,5.3
618,Oscar Hernandez,247.1,65.20%,64.40%,47.60%,70.00%,2.4,2.5
619,Kevin Kim,247.1,58.20%,69.80%,46.10%,71.50%,4.8,3.3
620,Paul Wekesa,247.1,62.90%,68.00%,45.20%,71.40%,3.1,3.5
621,Andrea Gaudenzi,247,61.80%,66.50%,48.10%,71.60%,2.4,3.4
622,Galo Blanco,246.9,55.40%,68.60%,49.10%,72.40%,4.4,3
623,Karol Beck,246.9,54.30%,71.90%,46.40%,72.30%,6.4,4.4
624,Jaime Yzaga,246.9,59.50%,65.80%,50.40%,72.20%,2,3
625,Oleg Ogorodov,246.8,59.00%,69.30%,44.40%,71.30%,5.5,2.7
626,Claudio Pistolesi,246.8,67.00%,62.30%,49.00%,68.20%,2.2,1.9
627,Vincenzo Santopadre,246.7,55.70%,69.30%,48.10%,71.50%,4.1,2
628,Lars Burgsmuller,246.5,58.70%,67.60%,48.30%,71.70%,3.9,3.7
629,Marzio Martelli,246.5,49.20%,75.80%,44.80%,74.00%,7,4.3
630,Jiri Vanek,246.4,58.50%,69.20%,45.00%,70.80%,5.9,3
631,Elias Ymer,246.4,58.50%,68.40%,47.40%,71.10%,4.5,3.5
632,John Fitzgerald,246.3,61.80%,67.60%,47.70%,71.10%,2.2,4.1
633,Mark Petchey,246.3,57.70%,69.20%,46.50%,73.20%,4.8,5.1
634,Markus Naewie,246.2,62.30%,63.80%,50.10%,69.50%,2,1.5
635,Chris Garner,246,58.50%,65.10%,51.00%,69.30%,4.4,2.3
636,Rogerio Dutra Silva,246,60.80%,66.50%,48.80%,69.80%,3.3,3.2
637,Chris Wilkinson,246,59.20%,69.00%,45.30%,71.90%,4.4,3.8
638,Fabio Fognini,245.9,59.00%,67.40%,48.40%,71.80%,3.3,4
639,Markus Hipfl,245.9,64.20%,64.50%,48.50%,68.70%,2.4,2.4
640,Jan Kroslak,245.9,61.00%,68.90%,44.10%,72.40%,5.4,5.9
641,Udo Riglewski,245.9,60.40%,68.20%,45.80%,70.40%,3.5,2.4
642,Attila Savolt,245.9,55.30%,71.20%,46.70%,71.80%,4.9,4
643,Marco Trungelliti,245.9,58.50%,66.90%,48.50%,72.00%,3.7,3.7
644,Pablo Arraya,245.8,61.20%,65.50%,47.90%,70.40%,3.6,2.8
645,Michel Kratochvil,245.8,56.00%,69.60%,48.40%,73.10%,3.7,5
646,Gerard Solves,245.8,62.70%,66.10%,46.40%,69.70%,3.4,2.5
647,Guido Andreozzi,245.7,60.60%,68.30%,46.20%,71.40%,3.9,4.7
648,Olivier Delaitre,245.7,53.90%,69.60%,49.20%,73.20%,3.4,3.6
649,Bohdan Ulihrach,245.7,57.40%,68.00%,48.50%,72.30%,3.2,3.7
650,Andrei Cherkasov,245.6,60.10%,65.80%,49.00%,70.80%,2.4,2.5
651,Roberto Carretero,245.6,69.10%,63.60%,46.00%,69.50%,1.3,3.9
652,Martin Jaite,245.6,51.70%,69.20%,49.80%,72.80%,4.6,2.5
653,Victor Crivoi,245.4,64.20%,64.10%,47.70%,67.80%,3.6,2
654,Flavio Saretta,245.4,58.50%,66.70%,48.40%,70.80%,4.1,3.1
655,Martin Rodriguez,245.2,50.00%,71.90%,48.10%,73.20%,6.6,4.6
656,Horacio de la Pena,245.1,69.40%,60.50%,49.00%,66.30%,1.2,1.3
657,Sebastien De Chaunac,245.1,54.80%,68.30%,48.60%,71.40%,5.8,3.8
658,Paul Goldstein,245,61.90%,64.90%,48.30%,70.10%,2.4,2.6
659,Igor Kunitsyn,245,60.00%,65.00%,49.60%,69.50%,2.7,1.8
660,Fernando Vicente,245,60.00%,66.00%,48.50%,70.30%,3,2.8
661,Arnaud Di Pasquale,244.9,63.20%,64.90%,48.40%,69.80%,2.5,3.9
662,Rodolphe Gilbert,244.9,51.70%,70.30%,48.60%,72.60%,4.3,2.6
663,Michael Joyce,244.9,57.00%,68.10%,48.00%,72.00%,3.6,3.8
664,Pablo Andujar,244.8,63.60%,64.50%,48.30%,70.00%,1.6,3.2
665,Attila Balazs,244.8,58.60%,65.10%,50.30%,72.20%,2.8,4.2
666,Yuki Bhambri,244.8,63.70%,64.20%,48.40%,69.70%,2.3,3.5
667,Salvatore Caruso,244.8,59.60%,65.30%,49.10%,70.30%,3.3,2.8
668,Jacobo Diaz,244.8,66.20%,62.40%,49.30%,67.60%,2.3,3
669,Marcos Daniel,244.7,61.40%,65.90%,46.60%,68.60%,4.3,2.1
670,Horst Skoff,244.7,58.60%,66.00%,49.30%,70.60%,2.9,2.7
671,Eric Jelen,244.6,68.70%,61.90%,46.60%,68.80%,1.4,2.8
672,Filippo Volandri,244.6,68.50%,61.90%,48.50%,67.40%,0.7,2.4
673,Nicolas Coutelot,244.5,61.10%,66.20%,46.30%,71.10%,3.4,3.6
674,Ivo Heuberger,244.5,52.10%,71.30%,46.30%,71.90%,6.4,3.5
675,Alberto Martin,244.4,61.10%,65.40%,49.10%,70.20%,2,3.4
676,John van Lottum,244.4,53.90%,69.70%,48.60%,71.90%,3.6,3.3
677,Nicolas Devilder,244.3,59.70%,65.00%,48.90%,70.10%,3.8,3.2
678,Ramesh Krishnan,244.3,69.00%,61.70%,48.60%,67.00%,0.6,2.6
679,Alex Kim,244.3,64.00%,62.60%,50.00%,68.70%,2.1,3.1
680,Federico Coria,244.2,66.30%,63.00%,47.80%,67.00%,2.7,2.6
681,Chun-Hsin Tseng,244.1,58.70%,66.00%,48.50%,71.00%,3.1,3.2
682,Jeremy Bates,244,55.70%,70.10%,46.10%,72.70%,3.4,4
683,Oliver Marach,244,55.50%,68.40%,47.70%,70.70%,4.6,2.9
684,Sumit Nagal,244,69.60%,61.00%,48.60%,65.80%,1.5,2.5
685,Jordi Burillo,243.9,52.40%,71.80%,46.00%,71.50%,5.9,3.7
686,Denis Gremelmayr,243.8,57.30%,66.00%,49.00%,70.20%,3.9,2.6
687,Inigo Cervantes,243.7,51.10%,71.20%,47.50%,71.70%,6.4,4.2
688,Nuno Marques,243.7,64.40%,64.20%,46.60%,68.70%,2.8,3
689,Franco Squillari,243.7,57.00%,68.30%,47.50%,72.00%,3.6,4.7
690,Peter Lundgren,243.6,52.20%,69.20%,49.00%,72.90%,5,4.7
691,Irakli Labadze,243.6,61.10%,67.50%,45.70%,70.40%,4.7,5.8
692,Cristiano Caratti,243.5,63.60%,64.20%,47.80%,69.10%,2.1,3.3
693,Sandor Noszaly,243.5,65.00%,66.80%,42.40%,69.20%,5.1,5
694,Wayne Black,243.4,57.90%,64.50%,50.90%,69.70%,2.9,2.5
695,Xavier Daufresne,243.4,61.60%,66.80%,45.80%,68.50%,3.3,2.6
696,Tobias Kamke,243.4,58.90%,65.50%,49.40%,71.00%,2,3.4
697,Sergio Roitman,243.4,64.10%,63.90%,46.30%,67.70%,3,1.6
698,Marc Lopez,243.3,66.30%,62.60%,47.00%,68.10%,0.6,1.3
699,Danai Udomchoke,243.1,61.50%,66.40%,46.30%,69.10%,3.4,3.6
700,Blaz Kavcic,243,62.90%,65.50%,46.20%,68.00%,4.2,3.8
701,Stefano Pescosolido,243,52.10%,71.00%,47.50%,72.40%,4.4,4.4
702,Tomas Behrend,242.9,59.90%,67.60%,45.90%,69.40%,3.9,3.8
703,Andrej Martin,242.9,63.70%,62.50%,49.40%,67.50%,2.2,2.4
704,Alejandro Gonzalez,242.8,59.70%,65.70%,47.50%,68.40%,3.9,2.4
705,Luke Jensen,242.8,58.30%,68.20%,45.80%,70.30%,4.3,4.1
706,Vincent Millot,242.8,59.20%,66.50%,47.10%,69.20%,4.1,3.3
707,Camilo Ugo Carabelli,242.7,61.90%,65.90%,45.30%,69.50%,3,2.9
708,Carsten Arriens,242.6,57.60%,67.40%,46.60%,70.10%,3.2,2.3
709,Gastao Elias,242.6,52.30%,68.70%,49.90%,70.80%,3.8,2.9
710,Mauricio Hadad,242.6,63.10%,62.60%,49.10%,68.80%,1.4,2.4
711,Claudio Mezzadri,242.6,55.80%,67.10%,49.30%,70.70%,2.8,3.1
712,Christian Miniussi,242.6,58.80%,66.90%,47.80%,69.70%,2.6,3.2
713,Stefano Galvani,242.4,58.80%,65.80%,49.30%,70.30%,2.8,4.6
714,Grant Stafford,242.4,60.00%,67.60%,45.40%,69.60%,3.6,3.8
715,Go Soeda,242.4,55.90%,67.30%,48.50%,70.50%,2.9,2.7
716,Thiago Alves,242.3,63.60%,63.50%,47.80%,67.30%,2.7,2.6
717,Maximo Gonzalez,242.3,64.60%,62.60%,47.70%,68.20%,1.8,2.6
718,Stephane Huet,242.3,51.40%,69.50%,47.90%,70.70%,6,3.2
719,Rui Machado,242.3,66.40%,62.90%,46.60%,68.20%,1.7,3.5
720,David Sanchez,242.1,61.30%,64.90%,47.50%,68.30%,2.4,2.3
721,Todd Witsken,242.1,60.10%,65.80%,47.60%,69.50%,2.5,3.4
722,Tomas Carbonell,242,67.20%,64.50%,44.00%,67.50%,2.7,3.9
723,Scott Davis,242,56.50%,69.20%,46.10%,72.20%,3.4,5.4
724,Luca Nardi,242,60.80%,66.90%,45.70%,69.70%,2.7,3.8
725,Cedrik-Marcel Stebe,242,61.40%,65.10%,46.80%,67.90%,3.7,2.9
726,Marcos Aurelio Gorriz,241.9,59.10%,65.20%,48.10%,69.00%,2.2,1.7
727,Albert Portas,241.9,57.20%,67.90%,46.40%,69.90%,4.1,3.6
728,Jan Hajek,241.8,62.80%,63.70%,47.20%,66.90%,3.1,1.9
729,Cecil Mamiit,241.7,58.10%,66.40%,48.00%,68.80%,3.2,2.8
730,Jose Francisco Altur,241.6,65.50%,64.00%,44.80%,67.60%,2.8,3.1
731,Martin Lee,241.6,57.60%,68.60%,44.20%,68.80%,5.1,2.7
732,Gianluca Pozzi,241.6,48.10%,71.50%,48.70%,72.10%,4,2.8
733,Maurice Ruah,241.3,57.50%,66.50%,47.60%,69.60%,2.9,2.8
734,Bernabe Zapata Miralles,241,65.40%,62.10%,47.60%,66.00%,2,2.1
735,Marcello Craca,240.9,64.30%,61.10%,49.90%,65.60%,2.4,2.4
736,Mark Koevermans,240.9,56.30%,67.00%,47.20%,69.00%,3.3,1.9
737,Andrei Chesnokov,240.8,58.20%,65.00%,48.40%,69.00%,2.9,2.7
738,Boris Pashanski,240.8,58.90%,66.10%,46.90%,69.80%,2.6,3.5
739,Daniel Munoz de la Nava,240.7,56.80%,66.90%,48.40%,69.50%,2.9,3.8
740,Bjorn Phau,240.7,52.80%,68.00%,49.30%,70.40%,3.7,3.5
741,Franco Davin,240.6,69.70%,60.90%,46.00%,64.60%,1.3,1.9
742,Jamie Delgado,240.4,54.10%,70.30%,45.00%,70.20%,5.1,4.3
743,Eyal Ran,240.4,56.80%,65.30%,48.50%,68.90%,3.4,2.5
744,Julian Alonso,240.3,55.00%,67.70%,47.70%,70.60%,4.2,4.9
745,Hugo Gaston,240.3,56.30%,65.20%,49.20%,69.20%,2.8,2.4
746,Francisco Montana,239.9,64.50%,61.20%,49.20%,66.40%,1.4,2.8
747,Marcos Ondruska,239.9,58.50%,66.30%,46.10%,69.70%,2.8,3.5
748,Fernando Roese,239.9,58.50%,65.00%,48.40%,68.30%,2.7,3
749,Marcelo Charpentier,239.8,69.60%,60.30%,46.10%,65.60%,1.6,3.4
750,Steve Bryan,239.6,62.10%,64.20%,46.40%,68.10%,1.7,2.9
751,Andrew Sznajder,239.6,57.40%,66.30%,46.40%,69.50%,3.9,3.9
752,Alejandro Hernandez,239.4,58.20%,67.50%,45.10%,68.30%,4.4,4.1
753,Joao Cunha-Silva,239.3,62.00%,63.80%,46.20%,67.40%,2.4,2.5
754,Frederik Fetterlein,239.3,58.60%,69.30%,43.00%,69.20%,4.9,5.7
755,Thierry Guardiola,239.3,55.30%,66.20%,47.90%,68.40%,3.3,1.8
756,Christian Ruud,239.3,59.10%,64.70%,47.60%,68.20%,2.6,2.9
757,Pere Riba,239.2,55.20%,66.80%,47.00%,68.40%,4.8,3
758,Vit Kopriva,239.1,59.10%,66.50%,45.80%,68.10%,3.6,4
759,Renzo Olivo,238.9,59.20%,66.10%,47.20%,68.20%,3.1,4.9
760,Danny Sapsford,238.7,55.00%,66.40%,48.80%,68.90%,2.3,2.7
761,Ruben Ramirez Hidalgo,238.5,57.10%,66.90%,46.40%,68.80%,3,3.7
762,Andre Sa,238.5,58.90%,64.80%,47.90%,67.30%,2.9,3.3
763,Mikael Pernfors,238.3,52.60%,66.80%,49.50%,69.00%,3,2.6
764,Constant Lestienne,238,61.40%,65.60%,44.10%,66.20%,3.9,3.2
765,Lars-Anders Wahlgren,238,60.50%,63.20%,47.00%,65.90%,2.9,1.5
766,Mark Knowles,237.9,55.90%,68.60%,44.80%,69.90%,3.9,5.2
767,Antonio Veic,237.9,61.80%,64.70%,45.60%,65.90%,2.8,2.9
768,David Rikl,237.8,57.10%,66.30%,46.70%,68.90%,2.7,3.9
769,Lucas Arnold Ker,237.6,60.50%,66.60%,43.20%,69.40%,2.7,4.8
770,Oliver Gross,237.6,57.50%,67.10%,45.30%,68.40%,3.3,4
771,Robin Vik,237.6,62.80%,65.80%,43.10%,65.90%,3.7,3.7
772,Dinu Pescariu,237.4,66.60%,61.40%,45.90%,63.60%,2.5,2.6
773,Stephane Robert,237.4,53.10%,69.00%,46.50%,69.20%,3.9,4.3
774,Roberto Azar,237.3,68.70%,61.50%,43.80%,64.60%,1.8,3.1
775,Steve Campbell,237.3,58.70%,65.20%,46.40%,67.00%,3,3
776,Dimitri Poliakov,237.3,59.50%,64.10%,47.20%,67.20%,2.1,2.8
777,Santiago Ventura,237.1,53.80%,67.90%,46.50%,68.20%,3.8,3.1
778,Eduardo Masso,236.9,70.80%,57.30%,48.10%,62.00%,0.8,2.1
779,Doug Flach,236.8,57.20%,65.60%,46.70%,67.80%,3.1,3.6
780,Olivier Mutis,236.6,53.40%,66.90%,47.00%,68.50%,3.9,3.1
781,Pedro Sousa,236.3,66.40%,63.20%,42.60%,64.70%,2.5,3.1
782,Orlin Stanoytchev,236.2,56.20%,68.70%,44.20%,68.30%,5,6.2
783,Christophe Rochus,236.1,60.80%,63.70%,46.50%,66.20%,1.8,2.9
784,Adrian Ungur,235.8,60.70%,64.00%,46.50%,66.30%,2.3,4
785,Tuomas Ketola,235.3,54.20%,68.70%,44.30%,66.50%,5.3,3.7
786,Daniel Orsanic,235.2,60.40%,64.00%,45.60%,66.20%,1.6,2.6
787,Jaime Oncins,235.1,55.90%,68.30%,44.40%,68.40%,2.9,4.8
788,Alex Lopez Moron,235,58.00%,65.90%,45.50%,67.70%,1.9,4
789,Julian Knowle,234.9,57.00%,67.60%,44.30%,68.70%,3.4,6.1
790,Thomas Hogstedt,234.8,51.80%,68.10%,46.80%,67.50%,4.3,3.7
791,Andrei Stoliarov,234.7,47.10%,69.10%,48.10%,69.50%,5,4.1
792,Martin Strelba,234.5,57.10%,65.40%,45.20%,66.30%,3.2,2.7
793,Axel Pretzsch,234.4,54.90%,68.10%,44.70%,67.10%,4.3,4.7
794,Diego Perez,233.8,60.60%,61.50%,48.40%,63.80%,2.3,2.8
795,Alessio Di Mauro,233.3,57.80%,63.40%,46.30%,64.30%,3.7,2.2
796,Juan Antonio Marin,233.2,56.70%,63.90%,47.60%,65.60%,1.9,2.5
797,German Puentes,232.8,65.20%,59.60%,47.10%,62.30%,1.3,2.7
798,Jan Gunnarsson,232.7,48.00%,70.60%,45.40%,66.70%,4.8,2.8
799,Lars Koslowski,232.7,64.60%,60.40%,45.80%,62.90%,1.9,2.9
800,Diego Junqueira,232.6,68.60%,58.10%,47.30%,59.50%,1,1.9
801,Francisco Roig,232.6,58.10%,63.20%,47.10%,64.80%,2,2.6
802,Michal Tabara,232.1,52.40%,66.40%,47.70%,67.00%,3.1,4.5
803,Veli Paloheimo,231,66.10%,59.30%,44.90%,61.40%,1.7,2.4
804,Gouichi Motomura,230.9,55.00%,63.70%,48.00%,65.80%,1.8,3.4
805,Flavio Cipolla,230.8,68.90%,59.00%,44.90%,60.80%,0.8,3.6
806,Federico Luzzi,230.4,56.20%,66.50%,43.00%,65.20%,3.3,3.8
807,Zeljko Krajan,230.1,60.60%,63.60%,44.10%,62.10%,2.9,3.2
808,Stefan Kozlov,230.1,63.10%,63.10%,44.00%,61.60%,2.6,4.3
809,David Nainkin,229.9,60.00%,64.50%,43.50%,64.70%,2.8,5.6
810,Patrik Fredriksson,228.6,53.30%,68.40%,43.00%,65.50%,4.1,5.7
811,Oscar Martinez,228.1,52.90%,64.20%,47.30%,65.10%,2,3.4
812,Frederic Fontang,227.6,64.80%,59.00%,44.90%,59.80%,1,1.9
813,Radomir Vasek,227,57.00%,67.20%,41.70%,64.80%,3.5,7.2
814,Jean-Rene Lisnard,226.8,52.20%,65.70%,46.40%,64.70%,2.2,4.4
815,Razvan Sabau,225.8,59.50%,61.90%,44.40%,61.70%,2.4,4.1
816,Marian Vajda,223.4,54.30%,61.50%,47.60%,61.70%,2.3,4
817,Daniel Elsner,222.4,54.10%,63.50%,44.90%,61.80%,2.7,4.6
818,Bart Wuyts,221.6,70.10%,57.70%,40.90%,56.70%,0.4,4.2
819,Kris Goossens,217.6,52.50%,65.50%,40.90%,60.90%,3.1,5.3